,release_year,rank_in_year,imdb_rating,mpaa_rating,film_title,film_budget,length_in_min,domestic_distributor,worldwide_gross,domestic_gross,genre_1,genre_2,genre_3,marvel_flag,studio_flag,CPI,CPI_ratio,domestic_adj,budget_adj,worldwide_adj
0,2019,1,8.5,PG-13,Avengers: Endgame,356000000,181,Walt Disney ,2797800564,858373000,Action,Adventure,Drama,1,Marvel,255.657,1.0,858373000.0,356000000.0,2797800564.0
1,2019,2,7.0,PG,The Lion King,260000000,118,Walt Disney ,1656943394,543638043,Animation,Adventure,Drama,0,Disney,255.657,1.0,543638043.0,260000000.0,1656943394.0
2,2019,3,7.2,PG,Frozen II,150000000,103,Walt Disney ,1420560456,470089732,Animation,Adventure,Comedy,0,Disney,255.657,1.0,470089732.0,150000000.0,1420560456.0
3,2019,4,7.6,PG-13,Spider-Man: Far from Home,160000000,129,Sony Pictures,1131927996,390532085,Action,Adventure,Sci-Fi,1,Marvel,255.657,1.0,390532085.0,160000000.0,1131927996.0
4,2019,5,6.9,PG-13,Captain Marvel,175000000,123,Walt Disney ,1128274794,426829839,Action,Adventure,Sci-Fi,1,Marvel,255.657,1.0,426829839.0,175000000.0,1128274794.0
5,2019,6,7.9,G,Toy Story 4,200000000,100,Walt Disney ,1073394593,434038008,Animation,Adventure,Comedy,0,Disney,255.657,1.0,434038008.0,200000000.0,1073394593.0
6,2019,7,8.6,R,Joker,55000000,122,Warner Bros.,1071030470,334830470,Crime,Drama,Thriller,0,Other,255.657,1.0,334830470.0,55000000.0,1071030470.0
7,2019,8,7.0,PG,Aladdin,183000000,128,Walt Disney ,1050693953,355559216,Adventure,Family,Fantasy,0,Disney,255.657,1.0,355559216.0,183000000.0,1050693953.0
8,2019,9,6.9,PG-13,Star Wars: Episode IX - The Rise of Skywalker,200000000,142,Walt Disney ,1048859152,503458989,Action,Adventure,Fantasy,0,Disney,255.657,1.0,503458989.0,200000000.0,1048859152.0
9,2019,10,6.5,PG-13,Fast & Furious Presents: Hobbs & Shaw,200000000,137,Universal Pictures,758910100,173810100,Action,Adventure,,0,Other,255.657,1.0,173810100.0,200000000.0,758910100.0
10,2018,1,8.5,PG-13,Avengers: Infinity War,321000000,149,Walt Disney ,2048359754,678815482,Action,Adventure,Sci-Fi,1,Marvel,251.107,1.0181197656775798,691115459.4721534,326816444.7825031,2085475552.7658648
11,2018,2,7.3,PG-13,Black Panther,200000000,134,Walt Disney ,1346913161,700059566,Action,Adventure,Sci-Fi,1,Marvel,251.107,1.0181197656775798,712744481.2962682,203623953.13551596,1371318911.8653684
12,2018,3,6.2,PG-13,Jurassic World: Fallen Kingdom,170000000,128,Universal Pictures,1308467944,417719760,Action,Adventure,Sci-Fi,0,Other,251.107,1.0181197656775798,425288744.17009485,173080360.16518855,1332177076.5419047
13,2018,4,7.7,PG,Incredibles 2,200000000,118,Walt Disney ,1242805359,608581744,Animation,Action,Adventure,0,Disney,251.107,1.0181197656775798,619609102.5969329,203623953.13551596,1265324700.8879204
14,2018,5,7.0,PG-13,Aquaman,160000000,143,Warner Bros.,1148161807,335061807,Action,Adventure,Fantasy,0,Other,251.107,1.0181197656775798,341133048.4303465,162899162.50841278,1168966229.9027865
15,2018,6,8.0,PG-13,Bohemian Rhapsody,52000000,134,Twentieth Century Fox,903655259,216428042,Biography,Drama,Music,0,Other,251.107,1.0181197656775798,220349667.4070974,52942227.81523415,920029280.5463927
16,2018,7,6.7,PG-13,Venom,100000000,112,Sony Pictures,856085151,213515506,Action,Sci-Fi,Thriller,1,Marvel,251.107,1.0181197656775798,217384356.93724987,101811976.56775798,871597213.3361756
17,2018,8,7.8,PG-13,Mission: Impossible - Fallout,178000000,147,Paramount Pictures,791115104,220159104,Action,Adventure,Thriller,0,Other,251.107,1.0181197656775798,224148335.3762659,181225318.2906092,805449924.3084742
18,2018,9,7.7,R,Deadpool 2,110000000,119,Twentieth Century Fox,734546611,318491426,Action,Adventure,Comedy,1,Marvel,251.107,1.0181197656775798,324262416.0094382,111993174.22453378,747856423.4705803
19,2018,10,6.6,PG-13,Fantastic Beasts: The Crimes of Grindelwald,200000000,134,Warner Bros.,653755901,159555901,Adventure,Family,Fantasy,0,Other,251.107,1.0181197656775798,162447016.5385951,203623953.13551596,665601804.7364551
20,2017,1,7.0,PG-13,Star Wars: Episode VIII - The Last Jedi,317000000,152,Walt Disney ,1332539889,620181382,Action,Adventure,Fantasy,0,Disney,245.12,1.0429871083550915,646841186.2678443,330626913.34856397,1389821925.5959246
21,2017,2,7.1,PG,Beauty and the Beast,160000000,129,Walt Disney ,1263521126,504014165,Family,Fantasy,Musical,0,Disney,245.12,1.0429871083550915,525680276.52335596,166877937.33681464,1317836245.5523093
22,2017,3,6.7,PG-13,The Fate of the Furious,250000000,136,Universal Pictures,1236005118,226008385,Action,Adventure,Thriller,0,Other,245.12,1.0429871083550915,235723831.93515423,260746777.08877286,1289137403.9349136
23,2017,4,6.3,PG,Despicable Me 3,80000000,89,Universal Pictures,1034799409,264624300,Animation,Adventure,Comedy,0,Other,245.12,1.0429871083550915,275999733.4574902,83438968.66840732,1079282443.3204677
24,2017,5,6.9,PG-13,Jumanji: Welcome to the Jungle,90000000,119,Sony Pictures,962077546,404515480,Action,Adventure,Comedy,0,Other,245.12,1.0429871083550915,421904430.7700718,93868839.75195824,1003434477.7159024
25,2017,6,7.4,PG-13,Spider-Man: Homecoming,175000000,133,Sony Pictures,880166924,334201140,Action,Adventure,Sci-Fi,1,Marvel,245.12,1.0429871083550915,348567480.6175751,182522743.962141,918002754.9325556
26,2017,7,6.0,,Wolf Warrior 2,30100000,123,The H Collective,870325439,2721100,Action,Drama,Thriller,0,Other,245.12,1.0429871083550915,2838072.2205450395,31393911.961488254,907738212.9504856
27,2017,8,7.6,PG-13,Guardians of the Galaxy Vol. 2,200000000,136,Walt Disney ,863756051,389813101,Action,Adventure,Comedy,1,Marvel,245.12,1.0429871083550915,406570039.0109212,208597421.6710183,900886425.956703
28,2017,9,7.9,PG-13,Thor: Ragnarok,180000000,130,Walt Disney ,853977126,315058289,Action,Adventure,Comedy,1,Marvel,245.12,1.0429871083550915,328601733.80741274,187737679.50391647,890687133.2481316
29,2017,10,7.4,PG-13,Wonder Woman,149000000,141,Warner Bros.,821847012,412563408,Action,Adventure,Fantasy,0,Other,245.12,1.0429871083550915,430298315.9230418,155405079.14490864,857175838.5561521
30,2016,1,7.8,PG-13,Captain America: Civil War,250000000,147,Walt Disney ,1153296293,408084349,Action,Adventure,Sci-Fi,1,Marvel,240.007,1.065206431479082,434694073.1407542,266301607.86977047,1228498628.7045836
31,2016,2,7.8,PG-13,Rogue One: A Star Wars Story,200000000,133,Walt Disney ,1056057273,532177324,Action,Adventure,Sci-Fi,0,Disney,240.007,1.065206431479082,566878708.2121272,213041286.2958164,1124918999.2098606
32,2016,3,7.3,PG,Finding Dory,200000000,97,Walt Disney ,1028570889,486295561,Animation,Adventure,Comedy,0,Disney,240.007,1.065206431479082,518005159.17692816,213041286.2958164,1095640326.1949568
33,2016,4,8.0,PG,Zootopia,150000000,108,Walt Disney ,1023784195,341268248,Animation,Adventure,Comedy,0,Disney,240.007,1.065206431479082,363521132.6291983,159780964.7218623,1090541508.9606345
34,2016,5,7.4,PG,The Jungle Book,175000000,106,Walt Disney ,966550600,364001123,Adventure,Drama,Fantasy,0,Disney,240.007,1.065206431479082,387736337.28520834,186411125.50883934,1029575915.4699655
35,2016,6,6.5,PG,The Secret Life of Pets,75000000,87,Universal Pictures,875457937,368384330,Animation,Adventure,Comedy,0,Other,240.007,1.065206431479082,392405357.5721125,79890482.36093114,932543424.9818089
36,2016,7,6.6,PG-13,Fantastic Beasts and Where to Find Them,180000000,134,Warner Bros.,814037575,234037575,Adventure,Family,Fantasy,0,Other,240.007,1.065206431479082,249298330.09776798,191737157.66623473,867118060.3556355
37,2016,8,8.0,R,Deadpool ,58000000,108,Twentieth Century Fox,782612155,363070709,Action,Adventure,Comedy,1,Marvel,240.007,1.065206431479082,386745254.3084702,61781973.02578675,833643500.8597041
38,2016,9,6.0,PG-13,Suicide Squad,175000000,123,Warner Bros.,746846894,325100054,Action,Adventure,Fantasy,0,Other,240.007,1.065206431479082,346298668.3949968,186411125.50883934,795546114.8189762
39,2016,10,7.5,PG-13,Doctor Strange,165000000,115,Walt Disney ,677718395,232641920,Action,Adventure,Fantasy,1,Marvel,240.007,1.065206431479082,247811669.41564205,175759061.19404852,721909993.0856808
40,2015,1,7.9,PG-13,Star Wars: Episode VII - The Force Awakens,245000000,138,Walt Disney ,2068223624,936662225,Action,Adventure,Sci-Fi,0,Disney,237.017,1.0786441478881261,1010325227.5441213,264267816.2325909,2230877308.5515723
41,2015,2,7.0,PG-13,Jurassic World,150000000,124,Universal Pictures,1670400637,652270625,Action,Adventure,Sci-Fi,0,Other,237.017,1.0786441478881261,703567892.4955804,161796622.18321893,1801767871.7286482
42,2015,3,7.2,PG-13,Furious 7,190000000,137,Universal Pictures,1515047671,353007020,Action,Adventure,Thriller,0,Other,237.017,1.0786441478881261,380768956.2864267,204942388.09874398,1634197304.095685
43,2015,4,7.3,PG-13,Avengers: Age of Ultron,250000000,141,Walt Disney ,1402805868,459005868,Action,Adventure,Sci-Fi,1,Marvel,237.017,1.0786441478881261,495103993.3645097,269661036.97203153,1513128340.141323
44,2015,5,6.4,PG,Minions,74000000,91,Universal Pictures,1159398397,336045770,Animation,Adventure,Comedy,0,Other,237.017,1.0786441478881261,362473803.2330592,79819666.94372134,1250578295.9949243
45,2015,6,6.8,PG-13,Spectre,245000000,148,Sony Pictures,880674609,200074609,Action,Adventure,Thriller,0,Other,237.017,1.0786441478881261,215809306.138855,264267816.2325909,949934513.1915137
46,2015,7,6.5,PG-13,Batman v Superman: Dawn of Justice,250000000,151,Warner Bros.,873634919,330360194,Action,Adventure,Sci-Fi,0,Other,237.017,1.0786441478881261,356341089.95328605,269661036.97203153,942341192.7700671
47,2015,8,8.2,PG,Inside Out,175000000,95,Walt Disney ,857611174,356461711,Animation,Adventure,Comedy,0,Disney,237.017,1.0786441478881261,384495338.51633847,188762725.8804221,925057273.9985654
48,2015,9,7.4,PG-13,Mission: Impossible - Rogue Nation,150000000,131,Paramount Pictures,682714267,195042377,Action,Adventure,Thriller,0,Other,237.017,1.0786441478881261,210381318.54123965,161796622.18321893,736405748.7792816
49,2015,10,6.5,PG-13,The Hunger Games: Mockingjay - Part 2,160000000,137,Lionsgate,658344137,281723902,Action,Adventure,Sci-Fi,0,Other,237.017,1.0786441478881261,303879838.21250796,172583063.66210017,710119050.6715088
50,2014,1,5.6,PG-13,Transformers: Age of Extinction,210000000,165,Paramount Pictures,1104054072,245439076,Action,Adventure,Sci-Fi,0,Other,236.736,1.0799244728304949,265055664.76130375,226784139.2944039,1192295011.6809611
51,2014,2,7.4,PG-13,The Hobbit: The Battle of the Five Armies,250000000,144,Warner Bros.,956019788,255119788,Adventure,Fantasy,,0,Other,236.736,1.0799244728304949,275510102.56452763,269981118.2076237,1032429165.5714215
52,2014,3,8.0,PG-13,Guardians of the Galaxy,170000000,121,Walt Disney ,772776600,333176600,Action,Adventure,Comedy,1,Marvel,236.736,1.0799244728304949,359805564.11445665,183587160.38118413,834540362.3707422
53,2014,4,7.0,PG,Maleficent,180000000,97,Walt Disney ,758410378,241410378,Action,Adventure,Fantasy,0,Disney,236.736,1.0799244728304949,260704975.1974605,194386405.10948908,819025927.6508263
54,2014,5,6.6,PG-13,The Hunger Games: Mockingjay - Part 1,125000000,123,Lionsgate,755356711,337135885,Action,Adventure,Sci-Fi,0,Other,236.736,1.0799244728304949,364081292.88086736,134990559.10381186,815728197.9256514
55,2014,6,8.0,PG-13,X-Men: Days of Future Past,200000000,132,Twentieth Century Fox,746045700,233921534,Action,Adventure,Sci-Fi,1,Marvel,236.736,1.0799244728304949,252617589.2886507,215984894.56609896,805673009.2799575
56,2014,7,7.7,PG-13,Captain America: The Winter Soldier,170000000,136,Walt Disney ,714421503,259766572,Action,Adventure,Sci-Fi,1,Marvel,236.736,1.0799244728304949,280528278.3260848,183587160.38118413,771521265.0060447
57,2014,8,7.6,PG-13,Dawn of the Planet of the Apes,170000000,130,Twentieth Century Fox,710644566,208545589,Action,Adventure,Drama,0,Other,236.736,1.0799244728304949,225213485.26195005,183587160.38118413,767442458.3074058
58,2014,9,6.6,PG-13,The Amazing Spider-Man 2,200000000,142,Sony Pictures,708982323,202853933,Action,Adventure,Sci-Fi,1,Marvel,236.736,1.0799244728304949,219066926.65661752,215984894.56609896,765647361.4119146
59,2014,10,8.6,PG-13,Interstellar,165000000,169,Paramount Pictures,677463813,188020017,Adventure,Drama,Sci-Fi,0,Other,236.736,1.0799244728304949,203047417.7403057,178187538.01703164,731609751.115762
60,2013,1,7.5,PG,Frozen ,150000000,102,Walt Disney ,1280802282,400738009,Animation,Adventure,Comedy,0,Disney,232.957,1.0974428757238461,439787073.00880855,164616431.35857692,1405607339.5917444
61,2013,2,7.2,PG-13,Iron Man 3,200000000,130,Walt Disney ,1214811252,409013994,Action,Adventure,Sci-Fi,1,Marvel,232.957,1.0974428757238461,448869493.78665596,219488575.14476922,1333185953.856566
62,2013,3,7.3,PG,Despicable Me 2,76000000,98,Universal Pictures,970766005,368065385,Animation,Adventure,Comedy,0,Other,232.957,1.0974428757238461,403930734.56880456,83405658.5550123,1065360236.1821496
63,2013,4,7.8,PG-13,The Hobbit: The Desolation of Smaug,225000000,161,Warner Bros.,958366855,258366855,Adventure,Fantasy,,0,Other,232.957,1.0974428757238461,283542864.34292597,246924647.03786537,1051752877.3496183
64,2013,5,7.5,PG-13,The Hunger Games: Catching Fire,130000000,146,Lionsgate,865011746,424668047,Action,Adventure,Sci-Fi,0,Other,232.957,1.0974428757238461,466048922.7277095,142667573.8441,949300978.0651451
65,2013,6,7.1,PG-13,Fast & Furious 6,160000000,130,Universal Pictures,788679850,238679850,Action,Adventure,Thriller,0,Other,232.957,1.0974428757238461,261937500.96133623,175590860.11581537,865531082.6094517
66,2013,7,7.3,G,Monsters University,200000000,104,Walt Disney ,743559607,268492764,Animation,Adventure,Comedy,0,Disney,232.957,1.0974428757238461,294655471.03520393,219488575.14476922,816014193.3781729
67,2013,8,7.7,PG-13,Gravity,100000000,91,Warner Bros.,723192705,274092705,Drama,Sci-Fi,Thriller,0,Other,232.957,1.0974428757238461,300801086.39012784,109744287.57238461,793662681.8777071
68,2013,9,7.1,PG-13,Man of Steel,225000000,143,Warner Bros.,668045518,291045518,Action,Adventure,Sci-Fi,0,Other,232.957,1.0974428757238461,319405830.2404564,246924647.03786537,733141794.3883464
69,2013,10,6.9,PG-13,Thor: The Dark World,170000000,112,Walt Disney ,644783140,206362140,Action,Adventure,Fantasy,1,Marvel,232.957,1.0974428757238461,226470660.36212695,186565288.87305385,707612663.3798513
70,2012,1,8.0,PG-13,The Avengers,220000000,143,Walt Disney ,1518812988,623357910,Action,Adventure,Sci-Fi,1,Marvel,229.59400000000002,1.1135177748547436,694120112.8813035,244973910.4680436,1691225258.8182445
71,2012,2,7.7,PG-13,Skyfall,200000000,143,Sony Pictures,1108561013,304360277,Action,Adventure,Thriller,0,Other,229.59400000000002,1.1135177748547436,338910578.3992134,222703554.97094873,1234402392.4864805
72,2012,3,8.4,PG-13,The Dark Knight Rises,250000000,164,Warner Bros.,1081041287,448139099,Action,Adventure,Thriller,0,Other,229.59400000000002,1.1135177748547436,499010852.34388965,278379443.71368587,1203758688.4263482
73,2012,4,7.8,PG-13,The Hobbit: An Unexpected Journey,180000000,169,Warner Bros.,1017003568,303003568,Adventure,Family,Fantasy,0,Other,229.59400000000002,1.1135177748547436,337399858.812408,200433199.47385386,1132451550.0586948
74,2012,5,6.6,PG,Ice Age: Continental Drift,95000000,88,Twentieth Century Fox,877244782,161321843,Animation,Adventure,Comedy,0,Other,229.59400000000002,1.1135177748547436,179634739.65282628,105784188.61120065,976827657.6555746
75,2012,6,5.5,PG-13,The Twilight Saga: Breaking Dawn - Part 2,120000000,115,Lionsgate,829746820,292324737,Adventure,Drama,Fantasy,0,Other,229.59400000000002,1.1135177748547436,325508790.67923814,133622132.98256923,923937832.6991994
76,2012,7,6.9,PG-13,The Amazing Spider-Man,230000000,136,Sony Pictures,757930663,262030663,Action,Sci-Fi,,1,Marvel,229.59400000000002,1.1135177748547436,291775800.8074732,256109088.21659103,843969265.3579406
77,2012,8,6.8,PG,Madagascar 3: Europe's Most Wanted,145000000,93,DreamWorks,746921274,216391482,Animation,Adventure,Comedy,0,Other,229.59400000000002,1.1135177748547436,240955761.5341603,161460077.3539378,831710115.0161502
78,2012,9,7.2,PG-13,The Hunger Games,78000000,142,Lionsgate,694394724,408010692,Action,Adventure,Sci-Fi,0,Other,229.59400000000002,1.1135177748547436,454327157.87278414,86854386.43867,773220867.9393538
79,2012,10,6.8,PG-13,Men in Black 3,225000000,106,Sony Pictures,624026776,179020854,Action,Adventure,Comedy,0,Other,229.59400000000002,1.1135177748547436,199342902.9986759,250541499.3423173,694864907.0612994
80,2011,1,8.1,PG-13,Harry Potter and the Deathly Hallows: Part 2,125000000,130,Warner Bros.,1341511219,381011219,Adventure,Drama,Fantasy,0,Other,224.93900000000002,1.136561467775708,433042670.3056518,142070183.47196352,1524709960.1042194
81,2011,2,6.2,PG-13,Transformers: Dark of the Moon,195000000,154,Paramount Pictures,1123794079,352390543,Action,Adventure,Sci-Fi,0,Other,224.93900000000002,1.136561467775708,400513512.78235877,221629486.2162631,1277261047.90589
82,2011,3,6.6,PG-13,Pirates of the Caribbean: On Stranger Tides,250000000,136,Walt Disney ,1045713802,241071802,Action,Adventure,Fantasy,0,Disney,224.93900000000002,1.136561467775708,273992921.1204549,284140366.94392705,1188518013.674436
83,2011,4,4.9,PG-13,The Twilight Saga: Breaking Dawn - Part 1,110000000,117,Summit Entertainment,712205856,281287133,Action,Adventure,Drama,0,Other,224.93900000000002,1.136561467775708,319700116.74890083,125021761.4553279,809465733.0538146
84,2011,5,7.4,PG-13,Mission: Impossible - Ghost Protocol,145000000,132,Paramount Pictures,694713380,209397903,Action,Adventure,Thriller,0,Other,224.93900000000002,1.136561467775708,237993587.98283535,164801412.82747766,789584458.8562232
85,2011,6,7.2,PG,Kung Fu Panda 2,150000000,90,DreamWorks,665692281,165249063,Animation,Action,Adventure,0,Other,224.93900000000002,1.136561467775708,187815717.59184045,170484220.1663562,756600195.9803191
86,2011,7,7.3,PG-13,Fast Five,125000000,130,Universal Pictures,626137675,209837675,Action,Adventure,Thriller,0,Other,224.93900000000002,1.136561467775708,238493415.89264202,142070183.47196352,711643954.9276693
87,2011,8,6.4,R,The Hangover Part II,80000000,102,Warner Bros.,586764305,254464305,Comedy,,,0,Other,224.93900000000002,1.136561467775708,289214323.98732543,90924917.42205665,666893699.7291932
88,2011,9,5.4,PG,The Smurfs,110000000,103,Sony Pictures,563749323,142614158,Adventure,Comedy,Family,0,Other,224.93900000000002,1.136561467775708,162089756.74207675,125021761.4553279,640735758.0064417
89,2011,10,6.1,G,Cars 2,200000000,106,Walt Disney ,559852396,191452396,Animation,Adventure,Comedy,0,Disney,224.93900000000002,1.136561467775708,217597416.20693612,227312293.55514163,636306660.9355069
90,2010,1,8.3,G,Toy Story 3,200000000,103,Walt Disney ,1066969703,415004880,Animation,Adventure,Comedy,0,Disney,218.05599999999998,1.1724373555416958,486567224.0440988,234487471.10833916,1250955137.0284286
91,2010,2,6.4,PG,Alice in Wonderland,200000000,108,Walt Disney ,1025467110,334191110,Adventure,Family,Fantasy,0,Disney,218.05599999999998,1.1724373555416958,391818141.253944,234487471.10833916,1202295946.6433852
92,2010,3,7.7,PG-13,Harry Potter and the Deathly Hallows: Part 1,125000000,146,Warner Bros.,976536918,295983305,Adventure,Family,Fantasy,0,Other,218.05599999999998,1.1724373555416958,347021883.3986912,146554669.44271198,1144928361.7287579
93,2010,4,8.8,PG-13,Inception,160000000,148,Warner Bros.,828322032,292576195,Action,Adventure,Sci-Fi,0,Other,218.05599999999998,1.1724373555416958,343027260.36025155,187589976.88667133,971155692.735004
94,2010,5,6.3,PG,Shrek Forever After,165000000,93,DreamWorks,752600867,238736787,Animation,Adventure,Comedy,0,Other,218.05599999999998,1.1724373555416958,279903927.2208011,193452163.6643798,882377370.2838675
95,2010,6,5.0,PG-13,The Twilight Saga: Eclipse,68000000,124,Summit Entertainment,698491347,300531751,Action,Drama,Fantasy,0,Other,218.05599999999998,1.1724373555416958,352354651.3987554,79725740.17683531,818937347.745437
96,2010,7,7.0,PG-13,Iron Man 2,200000000,124,Paramount Pictures,623933331,312433331,Action,Adventure,Sci-Fi,1,Marvel,218.05599999999998,1.1724373555416958,366308508.38072336,234487471.10833916,731522744.6319616
97,2010,8,7.7,PG,Tangled,260000000,100,Walt Disney ,593171580,200821936,Animation,Adventure,Comedy,0,Disney,218.05599999999998,1.1724373555416958,235451139.57860368,304833712.4408409,695456518.6376895
98,2010,9,7.6,PG,Despicable Me,69000000,95,Universal Pictures,543113985,251513985,Animation,Comedy,Family,0,Other,218.05599999999998,1.1724373555416958,294884391.45515376,80898177.532377,636767124.3311123
99,2010,10,8.1,PG,How to Train Your Dragon,165000000,98,DreamWorks,494878759,217581231,Animation,Action,Adventure,0,Other,218.05599999999998,1.1724373555416958,255100363.08914685,193452163.6643798,580214343.5157162
100,2009,1,7.8,PG-13,Avatar,237000000,162,Twentieth Century Fox,2744336793,749766139,Action,Adventure,Fantasy,0,Other,214.537,1.191668569990258,893472742.689247,282425451.0876912,3270339901.685961
101,2009,2,7.6,PG,Harry Potter and the Half-Blood Prince,250000000,153,Warner Bros.,933959197,301959197,Action,Adventure,Family,0,Other,214.537,1.191668569990258,359835284.48439664,297917142.4975645,1112969820.7182398
102,2009,3,6.9,PG,Ice Age: Dawn of the Dinosaurs,90000000,94,Twentieth Century Fox,886686817,196573705,Animation,Adventure,Comedy,0,Other,214.537,1.191668569990258,234250705.93503684,107250171.29912323,1056636811.2436036
103,2009,4,6.0,PG-13,Transformers: Revenge of the Fallen,200000000,150,DreamWorks,836303693,402111870,Action,Adventure,Sci-Fi,0,Other,214.537,1.191668569990258,479184077.09900856,238333713.9980516,996596825.9148818
104,2009,5,5.8,PG-13,2012,200000000,158,Sony Pictures,769679473,166112167,Action,Adventure,Sci-Fi,0,Other,214.537,1.191668569990258,197950648.50687292,238333713.9980516,917202836.9407654
105,2009,6,8.2,PG,Up,175000000,96,Walt Disney ,735099082,293004164,Animation,Adventure,Comedy,0,Disney,214.537,1.191668569990258,349163853.11507106,208541999.74829516,875994471.8480915
106,2009,7,4.7,PG-13,The Twilight Saga: New Moon,50000000,130,Summit Entertainment,709827462,296623634,Adventure,Drama,Fantasy,0,Other,214.537,1.191668569990258,353477061.7540937,59583428.4995129,845879076.5813543
107,2009,8,7.6,PG-13,Sherlock Holmes,90000000,128,Warner Bros.,524028679,209028679,Action,Adventure,Crime,0,Other,214.537,1.191668569990258,249092906.9908827,107250171.29912323,624468506.537814
108,2009,9,6.7,PG-13,Angels & Demons,150000000,138,Sony Pictures,485930816,133375846,Action,Mystery,Thriller,0,Other,214.537,1.191668569990258,158939803.67406088,178750285.4985387,579068480.6169192
109,2009,10,7.7,R,The Hangover ,35000000,100,Warner Bros.,468812793,277322503,Comedy,,,0,Other,214.537,1.191668569990258,330476510.576129,41708399.949659035,558669470.6274489
110,2008,1,9.0,PG-13,The Dark Knight,185000000,152,Warner Bros.,1003045358,533345358,Action,Crime,Drama,0,Other,215.303,1.187428879300335,633309680.7299759,219674342.67056197,1191045025.3373432
111,2008,2,6.1,PG-13,Indiana Jones and the Kingdom of the Crystal Skull,185000000,122,Paramount Pictures,790653942,317101119,Action,Adventure,,0,Other,215.303,1.187428879300335,376535026.3590521,219674342.67056197,938845324.263452
112,2008,3,7.5,PG,Kung Fu Panda,130000000,92,DreamWorks,631744560,215434591,Animation,Action,Adventure,0,Other,215.303,1.187428879300335,255813254.95365602,154365754.30904353,750151734.8848832
113,2008,4,6.4,PG-13,Hancock,150000000,92,Sony Pictures,629443428,227946274,Action,Fantasy,,0,Other,215.303,1.187428879300335,270669988.67650706,178114331.89505023,747419304.293001
114,2008,5,6.4,PG-13,Mamma Mia!,52000000,108,Universal Pictures,609841637,144130063,Comedy,Musical,Romance,0,Other,215.303,1.187428879300335,171144199.18157667,61746301.72361741,724143571.5735917
115,2008,6,6.6,PG,Madagascar: Escape 2 Africa,150000000,89,DreamWorks,603900354,180010950,Animation,Adventure,Comedy,0,Other,215.303,1.187428879300335,213750200.6202886,178114331.89505023,717088720.5592955
116,2008,7,6.6,PG-13,Quantum of Solace,200000000,106,Sony Pictures,589580482,168368427,Action,Adventure,Thriller,0,Other,215.303,1.187428879300335,199925532.58217025,237485775.86006698,700084890.9986113
117,2008,8,7.9,PG-13,Iron Man ,140000000,126,Paramount Pictures,585366247,318604126,Action,Adventure,Sci-Fi,1,Marvel,215.303,1.187428879300335,378319740.2766427,166240043.10204688,695080786.6554531
118,2008,9,8.4,G,WALLÂ·E,180000000,98,Walt Disney ,521311860,223808164,Animation,Adventure,Family,0,Disney,215.303,1.187428879300335,265756277.35678557,213737198.27406028,619020757.6857731
119,2008,10,6.5,PG,The Chronicles of Narnia: Prince Caspian,225000000,150,Walt Disney ,419665568,141621490,Action,Adventure,Family,0,Disney,215.303,1.187428879300335,168165447.1555436,267171497.84257534,498323015.0911785
120,2007,1,7.1,PG-13,Pirates of the Caribbean: At World's End,300000000,169,Walt Disney ,960996492,309420425,Action,Adventure,Fantasy,0,Disney,207.3,1.2332706222865413,381599120.0879161,369981186.6859624,1185168741.7040231
121,2007,2,7.5,PG-13,Harry Potter and the Order of the Phoenix,150000000,138,Warner Bros.,941676843,292004738,Action,Adventure,Family,0,Other,207.3,1.2332706222865413,360120864.9438785,184990593.3429812,1161342386.1594355
122,2007,3,6.2,PG-13,Spider-Man 3,258000000,139,Sony Pictures,894983373,336530303,Action,Sci-Fi,,1,Marvel,207.3,1.2332706222865413,415032936.1990883,318183820.54992765,1103756701.3558178
123,2007,4,6.0,PG,Shrek the Third,160000000,93,DreamWorks,813367380,322719944,Animation,Adventure,Comedy,0,Other,207.3,1.2332706222865413,398001026.1611577,197323299.5658466,1003102094.8801737
124,2007,5,7.0,PG-13,Transformers,150000000,144,DreamWorks,709709780,319246193,Action,Adventure,Sci-Fi,0,Other,207.3,1.2332706222865413,393716951.10371923,184990593.3429812,875264222.0234443
125,2007,6,8.0,G,Ratatouille,150000000,111,Walt Disney ,623726085,206445654,Animation,Adventure,Comedy,0,Disney,207.3,1.2332706222865413,254603360.17693198,184990593.3429812,769223056.9842981
126,2007,7,7.2,PG-13,I Am Legend,150000000,101,Warner Bros.,585410052,256393010,Adventure,Drama,Sci-Fi,0,Other,207.3,1.2332706222865413,316201966.9926194,184990593.3429812,721969019.1228365
127,2007,8,7.3,PG-13,The Simpsons Movie,75000000,87,Twentieth Century Fox,536414270,183135014,Animation,Adventure,Comedy,0,Other,207.3,1.2332706222865413,225855032.67823446,92495296.6714906,661543960.5662807
128,2007,9,6.5,PG,National Treasure: Book of Secrets,130000000,124,Walt Disney ,459242249,219964115,Action,Adventure,Mystery,0,Disney,207.3,1.2332706222865413,271275280.98675835,160325180.89725035,566369974.2045008
129,2007,10,7.6,R,300,65000000,117,Warner Bros.,456068181,210614939,Action,Drama,,0,Other,207.3,1.2332706222865413,259745216.88337192,80162590.44862518,562455489.386961
130,2006,1,7.3,PG-13,Pirates of the Caribbean: Dead Man's Chest,225000000,151,Walt Disney ,1066179725,423315812,Action,Adventure,Fantasy,0,Disney,201.6,1.268139880952381,536823663.43494046,285331473.21428573,1352065029.5353422
131,2006,2,6.6,PG-13,The Da Vinci Code,125000000,149,Sony Pictures,760006945,217536138,Action,Mystery,Thriller,0,Other,201.6,1.268139880952381,275866252.1461607,158517485.1190476,963795116.7552828
132,2006,3,6.8,PG,Ice Age: The Meltdown,80000000,91,Twentieth Century Fox,660998756,195330621,Animation,Adventure,Comedy,0,Other,201.6,1.268139880952381,247706550.46129465,101451190.47619048,838238883.7435119
133,2006,4,8.0,PG-13,Casino Royale,150000000,144,Sony Pictures,606099584,167445960,Action,Adventure,Thriller,0,Other,201.6,1.268139880952381,212344899.78035715,190220982.14285713,768619054.2990476
134,2006,5,6.4,PG,Night at the Museum,110000000,108,Twentieth Century Fox,574480841,250863268,Adventure,Comedy,Family,0,Other,201.6,1.268139880952381,318129714.81684524,139495386.9047619,728522065.3151637
135,2006,6,7.1,G,Cars,120000000,117,Walt Disney ,461983149,244082982,Animation,Comedy,Family,0,Disney,201.6,1.268139880952381,309531363.7359821,152176785.7142857,585859255.574866
136,2006,7,6.7,PG-13,X-Men: The Last Stand,210000000,104,Twentieth Century Fox,460435291,234362462,Action,Sci-Fi,,1,Marvel,201.6,1.268139880952381,297204384.6603869,266309375.0,583896355.1150149
137,2006,8,6.9,PG-13,Mission: Impossible III,150000000,126,Paramount Pictures,398479497,134029801,Action,Adventure,Thriller,0,Other,201.6,1.268139880952381,169968535.8842113,190220982.14285713,505327741.88754463
138,2006,9,6.0,PG-13,Superman Returns,270000000,154,Warner Bros.,391081192,200081192,Action,Sci-Fi,,0,Other,201.6,1.268139880952381,253730939.00369048,342397767.85714287,495945656.26559526
139,2006,10,6.4,PG,Happy Feet,100000000,108,Warner Bros.,384335608,198000317,Animation,Adventure,Comedy,0,Other,201.6,1.268139880952381,251092098.42891368,126813988.09523809,487391312.1748809
140,2005,1,7.7,PG-13,Harry Potter and the Goblet of Fire,150000000,157,Warner Bros.,895921036,290013036,Adventure,Family,Fantasy,0,Other,195.3,1.309047619047619,379640874.26857144,196357142.85714287,1172803299.030476
141,2005,2,7.5,PG-13,Star Wars: Episode III - Revenge of the Sith,113000000,140,Twentieth Century Fox,868352530,380270577,Action,Adventure,Fantasy,0,Other,195.3,1.309047619047619,497792293.41571426,147922380.95238096,1136714811.8904762
142,2005,3,6.9,PG,"The Chronicles of Narnia: The Lion, the Witch and the Wardrobe",180000000,143,Walt Disney ,745013115,291710957,Adventure,Family,Fantasy,0,Disney,195.3,1.309047619047619,381863533.7109524,235628571.42857143,975257644.35
143,2005,4,6.5,PG-13,War of the Worlds,132000000,116,Paramount Pictures,603873119,234280354,Adventure,Sci-Fi,Thriller,0,Other,195.3,1.309047619047619,306684139.5933333,172794285.7142857,790498668.6338094
144,2005,5,7.2,PG-13,King Kong,207000000,187,Universal Pictures,562363449,218080025,Action,Adventure,Drama,0,Other,195.3,1.309047619047619,285477137.4880952,270972857.14285713,736160533.9528571
145,2005,6,6.9,PG,Madagascar,75000000,86,DreamWorks,542063846,193595521,Animation,Adventure,Comedy,0,Other,195.3,1.309047619047619,253425755.82333332,98178571.42857143,709587386.9780952
146,2005,7,6.5,PG-13,Mr. & Mrs. Smith,110000000,120,Twentieth Century Fox,487287646,186336279,Action,Comedy,Crime,0,Other,195.3,1.309047619047619,243923062.36714286,143995238.0952381,637882732.787619
147,2005,8,6.6,PG,Charlie and the Chocolate Factory,150000000,115,Warner Bros.,474968763,206459076,Adventure,Comedy,Family,0,Other,195.3,1.309047619047619,270264761.8685714,196357142.85714287,621756728.3271428
148,2005,9,8.2,PG-13,Batman Begins,150000000,140,Warner Bros.,371853783,205343774,Action,Adventure,Fantasy,0,Other,195.3,1.309047619047619,268804778.44095236,196357142.85714287,486774309.27
149,2005,10,6.6,PG-13,Hitch,70000000,118,Sony Pictures,371594210,179495555,Comedy,Romance,,0,Other,195.3,1.309047619047619,234968228.90238094,91633333.33333333,486434515.85238093
150,2004,1,7.2,PG,Shrek 2,150000000,93,DreamWorks,928760770,441226247,Animation,Adventure,Comedy,0,Other,188.9,1.3533986236103759,597154995.3905717,203009793.5415564,1256983547.781313
151,2004,2,7.9,PG,Harry Potter and the Prisoner of Azkaban,130000000,142,Warner Bros.,795634069,249541069,Adventure,Family,Fantasy,0,Other,188.9,1.3533986236103759,337728539.31886184,175941821.06934887,1076810053.8821228
152,2004,3,7.3,PG-13,Spider-Man 2,200000000,127,Sony Pictures,788976453,373585825,Action,Adventure,Sci-Fi,1,Marvel,188.9,1.3533986236103759,505610541.35534674,270679724.72207516,1067799645.5511965
153,2004,4,8.0,PG,The Incredibles,92000000,115,Walt Disney ,631442092,261441092,Animation,Action,Adventure,0,Disney,188.9,1.3533986236103759,353834014.06799364,124512673.37215458,854592858.2024564
154,2004,5,7.1,R,The Passion of the Christ,30000000,127,Icon Productions,611486736,370274604,Drama,,,0,Other,188.9,1.3533986236103759,501129139.41147697,40601958.708311275,827585306.8584013
155,2004,6,6.4,PG-13,The Day After Tomorrow,125000000,124,Twentieth Century Fox,552639571,186740799,Action,Adventure,Sci-Fi,0,Other,188.9,1.3533986236103759,252734740.33850187,169174827.951297,747941634.7440286
156,2004,7,6.3,PG-13,Meet the Fockers,80000000,115,Universal Pictures,522657936,279261160,Comedy,romance,,0,Other,188.9,1.3533986236103759,377951669.57183695,108271889.88883007,707364531.20144
157,2004,8,7.2,R,Troy,175000000,163,Warner Bros.,497409852,133378256,Drama,History,,0,Other,188.9,1.3533986236103759,180513948.08995235,236844759.1318158,673193809.0670408
158,2004,9,6.0,PG,Shark Tale,75000000,90,DreamWorks,374583879,160861908,Animation,Adventure,Comedy,0,Other,188.9,1.3533986236103759,217710284.8785389,101504896.7707782,506961306.2652356
159,2004,10,6.5,PG-13,Ocean's Twelve,110000000,125,Warner Bros.,362744280,125544280,Crime,Thriller,,0,Other,188.9,1.3533986236103759,169911455.75415564,148873848.59714136,490937609.2745368
160,2003,1,8.9,PG-13,The Lord of the Rings: The Return of the King,94000000,201,New Line Cinema,1140682011,377027325,Adventure,Drama,Fantasy,0,Other,184.0,1.3894402173913043,523856928.41046196,130607380.43478261,1584909461.33819
161,2003,2,8.1,G,Finding Nemo,94000000,100,Walt Disney ,871014978,339714978,Animation,Adventure,Comedy,0,Disney,184.0,1.3894402173913043,472013652.88340217,130607380.43478261,1210223240.383402
162,2003,3,7.2,R,The Matrix Reloaded,150000000,138,Warner Bros.,739412035,281576461,Action,Sci-Fi,,0,Other,184.0,1.3894402173913043,391233659.1841141,208416032.60869566,1027368818.6521467
163,2003,4,8.0,PG-13,Pirates of the Caribbean: The Curse of the Black Pearl,140000000,143,Walt Disney ,654264015,305413918,Action,Adventure,Fantasy,0,Disney,184.0,1.3894402173913043,424354380.62025,194521630.4347826,909060735.2329075
164,2003,5,6.7,PG-13,Bruce Almighty,81000000,101,Universal Pictures,484592874,242829261,Comedy,Drama,Fantasy,0,Other,184.0,1.3894402173913043,337396741.19280976,112544657.60869564,673312828.196837
165,2003,6,7.7,R,The Last Samurai,140000000,154,Warner Bros.,454627263,111127263,Action,Drama,War,0,Other,184.0,1.3894402173913043,154404688.46082065,194521630.4347826,631677403.1347337
166,2003,7,6.3,R,Terminator 3: Rise of the Machines,200000000,109,Warner Bros.,433371112,150371112,Action,Sci-Fi,,0,Other,184.0,1.3894402173913043,208931670.54665217,277888043.4782609,602143252.0683913
167,2003,8,6.7,R,The Matrix Revolutions,150000000,129,Warner Bros.,427343298,139313948,Action,Sci-Fi,,0,Other,184.0,1.3894402173913043,193568402.19476086,208416032.60869566,593767964.873837
168,2003,9,7.4,PG-13,X2: X-Men United,110000000,134,Twentieth Century Fox,407711549,214949694,Action,Sci-Fi,Thriller,1,Marvel,184.0,1.3894402173913043,298659749.55955434,152838423.91304347,566490823.2755054
169,2003,10,6.6,R,Bad Boys II,130000000,147,Sony Pictures,273339556,138608444,Action,Comedy,Crime,0,Other,184.0,1.3894402173913043,192588146.56363043,180627228.26086956,379788972.1102826
170,2002,1,8.7,PG-13,The Lord of the Rings: The Two Towers,94000000,179,New Line Cinema,936689735,339789881,Adventure,Drama,Fantasy,0,Other,179.9,1.421106170094497,482877496.4247749,133583979.9888827,1331135561.8726792
171,2002,2,7.4,PG,Harry Potter and the Chamber of Secrets,100000000,161,Warner Bros.,878979634,261988482,Adventure,Family,Fantasy,0,Other,179.9,1.421106170094497,372313448.26389104,142110617.0094497,1249123381.2648027
172,2002,3,7.3,PG-13,Spider-Man,139000000,121,Sony Pictures,821708551,403706375,Action,Adventure,Sci-Fi,1,Marvel,179.9,1.421106170094497,573709620.4189827,197533757.64313507,1167735091.8455086
173,2002,4,6.5,PG,Star Wars: Episode II - Attack of the Clones,115000000,142,Twentieth Century Fox,645256452,302191252,Action,Adventure,Fantasy,0,Other,179.9,1.421106170094497,429445852.765781,163427209.56086713,916977925.2304835
174,2002,5,6.2,PG-13,Men in Black II,140000000,88,Sony Pictures,441818803,190418803,Action,Adventure,Comedy,0,Other,179.9,1.421106170094497,270605335.8453085,198954863.81322956,627871427.007065
175,2002,6,6.1,PG-13,Die Another Day,142000000,133,Metro-Goldwyn-Mayer,431971116,160942139,Action,Adventure,Thriller,0,Other,179.9,1.421106170094497,228715866.76110616,201797076.15341857,613876818.2502056
176,2002,7,6.7,PG-13,Signs,72000000,106,Walt Disney ,408247917,227966634,Drama,Mystery,Sci-Fi,0,Disney,179.9,1.421106170094497,323964790.1530739,102319644.24680378,580163633.776926
177,2002,8,7.5,PG,Ice Age,59000000,81,Twentieth Century Fox,383257136,176387405,Animation,Adventure,Comedy,0,Other,179.9,1.421106170094497,250665229.57245693,83845264.03557532,544649080.7023457
178,2002,9,6.5,PG,My Big Fat Greek Wedding,5000000,95,IFC Films,368744044,241438208,Comedy,Drama,Romance,0,Other,179.9,1.421106170094497,343109327.0853585,7105530.850472485,524024436.1139966
179,2002,10,7.6,PG-13,Minority Report,102000000,145,Twentieth Century Fox,358372926,132072926,Action,Crime,Mystery,0,Other,179.9,1.421106170094497,187689650.0410339,144952829.34963867,509285976.33341855
180,2001,1,7.6,PG,Harry Potter and the Sorcerer's Stone,125000000,152,Warner Bros.,974755371,317575550,Adventure,Family,Fantasy,0,Other,177.1,1.4435742518351216,458443886.9923772,180446781.4793902,1407131755.4135914
181,2001,2,8.8,PG-13,The Lord of the Rings: The Fellowship of the Ring,93000000,178,New Line Cinema,883726270,313364114,Adventure,Drama,Fantasy,0,Other,177.1,1.4435742518351216,452364366.41952574,134252405.4206663,1275724489.0422926
182,2001,3,8.0,G,"Monsters, Inc.",115000000,92,Walt Disney ,528773250,255873250,Animation,Adventure,Comedy,0,Disney,177.1,1.4435742518351216,369372035.433371,166011038.96103898,763323448.7591757
183,2001,4,7.8,PG,Shrek,60000000,90,DreamWorks,484409218,267665011,Animation,Adventure,Comedy,0,Other,177.1,1.4435742518351216,386394317.9967646,86614455.11010729,699280674.4563863
184,2001,5,7.8,PG-13,Ocean's Eleven,85000000,116,Warner Bros.,450717150,183417150,Crime,Thriller,,0,Other,177.1,1.4435742518351216,264776275.08498028,122703811.40598533,650643672.6005082
185,2001,6,6.2,PG-13,Pearl Harbor,140000000,183,Walt Disney ,449220945,198542554,Action,Drama,History,0,Disney,177.1,1.4435742518351216,286610918.8479842,202100395.25691703,648483789.5870413
186,2001,7,6.3,PG-13,The Mummy Returns,98000000,130,Universal Pictures,433013274,202019785,Action,Adventure,Fantasy,0,Other,177.1,1.4435742518351216,291630559.98726714,141470276.6798419,625086813.0492265
187,2001,8,5.9,PG-13,Jurassic Park III,93000000,92,Universal Pictures,368780809,181171875,Action,Adventure,Sci-Fi,0,Other,177.1,1.4435742518351216,261535053.90669116,134252405.4206663,532362480.4433259
188,2001,9,5.7,PG-13,Planet of the Apes,100000000,119,Twentieth Century Fox,362211740,180011740,Action,Adventure,Sci-Fi,0,Other,177.1,1.4435742518351216,259860312.89203843,144357425.18351215,522879541.5763976
189,2001,10,6.8,R,Hannibal,87000000,131,Metro-Goldwyn-Mayer,351692268,165092268,Crime,Drama,Thriller,0,Other,177.1,1.4435742518351216,238322947.26186338,125590959.90965557,507693902.65429705
190,2000,1,6.1,PG-13,Mission: Impossible II,125000000,123,Paramount Pictures,546388105,215409889,Action,Adventure,Thriller,0,Other,172.2,1.4846515679442511,319808629.4545471,185581445.99303138,811195956.7943381
191,2000,2,8.5,R,Gladiator,103000000,155,DreamWorks,460583960,187705427,Action,Adventure,Drama,0,Other,172.2,1.4846515679442511,278677156.5071952,152919111.49825788,683806698.3839723
192,2000,3,7.8,PG-13,Cast Away,90000000,143,Twentieth Century Fox,429632142,233632142,Adventure,Drama,Romance,0,Other,172.2,1.4846515679442511,346862325.94247395,133618641.1149826,637854033.2595471
193,2000,4,6.4,PG-13,What Women Want,70000000,127,Paramount Pictures,374111707,182811707,Comedy,Fantasy,Romance,0,Other,172.2,1.4846515679442511,271411687.436115,103925609.75609758,555425532.3838502
194,2000,5,6.5,PG,Dinosaur,127500000,82,Walt Disney ,349822765,137748063,Animation,Adventure,Family,0,Disney,172.2,1.4846515679442511,204507877.7142335,189293074.912892,519364916.5598433
195,2000,6,6.1,PG,How the Grinch Stole Christmas,123000000,104,Universal Pictures,345141403,260044825,Comedy,Family,Fantasy,0,Other,172.2,1.4846515679442511,386075957.1720384,182612142.8571429,512414725.12642866
196,2000,7,7.0,PG-13,Meet the Parents,55000000,108,Universal Pictures,330444045,166244045,Comedy,romance,,0,Other,172.2,1.4846515679442511,246814482.07064465,81655836.23693381,490594269.52709067
197,2000,8,6.4,PG-13,The Perfect Storm,140000000,130,Warner Bros.,328718434,182618434,Action,Adventure,Drama,0,Other,172.2,1.4846515679442511,271124744.3736237,207851219.51219517,488032338.4502788
198,2000,9,7.4,PG-13,X-Men,75000000,104,Twentieth Century Fox,296339528,157299718,Action,Adventure,Sci-Fi,1,Marvel,172.2,1.4846515679442511,233535272.96588853,111348867.59581883,439960944.8890593
199,2000,10,6.6,PG-13,What Lies Beneath,100000000,130,DreamWorks,291420351,155464351,Drama,Fantasy,Horror,0,Other,172.2,1.4846515679442511,230810392.4715854,148465156.7944251,432657681.043014
200,1999,1,6.5,PG,Star Wars: Episode I - The Phantom Menace,115000000,136,Twentieth Century Fox,924305084,431088295,Action,Adventure,Fantasy,0,Other,166.6,1.5345558223289317,661529053.0301021,176473919.56782714,1418397748.2604322
201,1999,2,8.1,PG-13,The Sixth Sense,40000000,107,Walt Disney ,672806292,293506292,Drama,Mystery,Thriller,0,Disney,166.6,1.5345558223289317,450401789.2787756,61382232.893157266,1032458812.6881393
202,1999,3,7.9,G,Toy Story 2,90000000,92,Walt Disney ,487059677,245852179,Animation,Adventure,Comedy,0,Disney,166.6,1.5345558223289317,377273892.7167047,138110024.00960386,747420263.1619989
203,1999,4,8.7,R,The Matrix,63000000,136,Warner Bros.,463517383,171479930,Action,Sci-Fi,,0,Other,166.6,1.5345558223289317,263145524.99405766,96677016.8067227,711293298.8333194
204,1999,5,7.3,G,Tarzan,130000000,88,Walt Disney ,448191819,171091819,Animation,Adventure,Family,0,Disney,166.6,1.5345558223289317,262549946.99929774,199492256.90276113,687775365.3666447
205,1999,6,7.0,PG-13,The Mummy,80000000,124,Universal Pictures,415933406,155385488,Action,Adventure,Fantasy,0,Other,166.6,1.5345558223289317,238447705.31582236,122764465.78631453,638273029.8784034
206,1999,7,7.1,PG-13,Notting Hill,42000000,124,Universal Pictures,363889678,116089678,Comedy,Drama,Romance,0,Other,166.6,1.5345558223289317,178146091.28719088,64451344.53781513,558409024.0603002
207,1999,8,6.4,PG-13,The World is Not Enough,135000000,128,Metro-Goldwyn-Mayer,361832400,126943684,Action,Adventure,Thriller,0,Other,166.6,1.5345558223289317,194802169.39008406,207165036.0144058,555252016.1272509
208,1999,9,8.3,R,American Beauty,15000000,122,DreamWorks,356296601,130096601,Drama,,,0,Other,166.6,1.5345558223289317,199640496.52975392,23018337.334933978,546757023.5405583
209,1999,10,6.6,PG-13,Austin Powers: The Spy Who Shagged Me,33000000,95,New Line Cinema,312016858,206040086,Action,Adventure,Comedy,0,Other,166.6,1.5345558223289317,316180013.6044538,50640342.136854745,478807286.10867953
210,1998,1,6.7,PG-13,Armageddon,140000000,151,Walt Disney ,553709788,201578182,Action,Adventure,Sci-Fi,0,Disney,163.0,1.5684478527607362,316164866.7213129,219582699.38650307,868464928.0412024
211,1998,2,8.6,R,Saving Private Ryan,70000000,169,DreamWorks,481840909,216540909,Drama,War,,0,Other,163.0,1.5684478527607362,339633123.75590795,109791349.69325154,755742339.0933312
212,1998,3,5.4,PG-13,Godzilla,130000000,139,Sony Pictures,379014294,136314294,Action,Sci-Fi,Thriller,0,Other,163.0,1.5684478527607362,213801861.72489572,203898220.8588957,594464155.5899264
213,1998,4,7.1,R,There's Something About Mary,23000000,119,Twentieth Century Fox,369884651,176484651,Comedy,Romance,,0,Other,163.0,1.5684478527607362,276806971.90617794,36074300.61349693,580144786.6301043
214,1998,5,7.2,G,A Bug's Life,120000000,95,Walt Disney ,363258859,162798565,Animation,Adventure,Comedy,0,Disney,163.0,1.5684478527607362,255341059.70677912,188213742.33128834,569752577.394865
215,1998,6,6.2,PG-13,Deep Impact,75000000,120,Paramount Pictures,349464664,140464664,Action,Drama,Romance,0,Other,163.0,1.5684478527607362,220311500.6395583,117633588.95705521,548117101.8665521
216,1998,7,7.6,G,Mulan,90000000,88,Walt Disney ,304320254,120620254,Animation,Adventure,Family,0,Disney,163.0,1.5684478527607362,189186578.3857546,141160306.74846625,477310448.93790185
217,1998,8,5.4,PG-13,Doctor Dolittle,71500000,85,Twentieth Century Fox,294456605,144156605,Comedy,Family,Fantasy,0,Other,163.0,1.5684478527607362,226102117.5735276,112144021.47239263,461839829.8434662
218,1998,9,7.1,R,Shakespeare in Love,25000000,123,Miramax,289317794,100317794,Comedy,Drama,History,0,Other,163.0,1.5684478527607362,157343228.59299386,39211196.3190184,453779872.764773
219,1998,10,6.6,R,Lethal Weapon 4,140000000,127,Warner Bros.,285444603,130444603,Action,Crime,Thriller,0,Other,163.0,1.5684478527607362,204595557.47957668,219582699.38650307,447704974.6574908
220,1997,1,7.8,PG-13,Titanic,200000000,194,Paramount Pictures,1850197130,600788188,Drama,Romance,,0,Other,160.5,1.5928785046728973,956982590.5265795,318575700.93457943,2947139237.7844863
221,1997,2,6.6,PG-13,The Lost World: Jurassic Park,73000000,129,Universal Pictures,618638999,229086679,Action,Adventure,Sci-Fi,0,Other,160.5,1.5928785046728973,364907246.686,116280130.8411215,985416763.659458
222,1997,3,7.3,PG-13,Men in Black,90000000,98,Sony Pictures,589390539,250690539,Action,Adventure,Comedy,0,Other,160.5,1.5928785046728973,399319570.8979626,143359065.42056075,938827520.4306729
223,1997,4,6.5,PG-13,Tomorrow Never Dies,110000000,119,Metro-Goldwyn-Mayer,333011068,125304276,Action,Adventure,Thriller,0,Other,160.5,1.5928785046728973,199594487.784,175216635.51401868,530446172.0353645
224,1997,5,6.5,R,Air Force One,85000000,124,Sony Pictures,315156409,172956409,Action,Drama,Thriller,0,Other,160.5,1.5928785046728973,275498546.141514,135394672.89719626,502005869.50600004
225,1997,6,7.7,PG-13,As Good As It Gets,50000000,139,Sony Pictures,314178011,148478011,Comedy,Drama,Romance,0,Other,160.5,1.5928785046728973,236507432.138486,79643925.23364486,500447400.36278504
226,1997,7,6.9,PG-13,Liar Liar,45000000,86,Universal Pictures,302710615,181410615,Comedy,Fantasy,,0,Other,160.5,1.5928785046728973,288965069.15299064,71679532.71028037,482181231.7698131
227,1997,8,6.3,PG-13,My Best Friend's Wedding,38000000,105,Sony Pictures,299288605,127120029,Comedy,Drama,Romance,0,Other,160.5,1.5928785046728973,202486761.70749533,60529383.1775701,476730385.5980374
228,1997,9,7.7,PG-13,The Fifth Element,93000000,126,Sony Pictures,263920180,63820180,Action,Adventure,Sci-Fi,0,Other,160.5,1.5928785046728973,101657792.88635515,148137700.93457943,420392781.67140186
229,1997,10,7.2,R,The Full Monty,3500000,91,Fox Searchlight Pictures,257938649,45950122,Comedy,Drama,,0,Other,160.5,1.5928785046728973,73192961.6208972,5575074.76635514,410864929.51646733
230,1996,1,7.0,PG-13,Independence Day,75000000,145,Twentieth Century Fox,817400891,306169268,Action,Adventure,Sci-Fi,0,Other,156.9,1.6294263862332696,498880283.93292546,122206978.96749522,1331894579.9259846
231,1996,2,6.4,PG-13,Twister,92000000,113,Warner Bros.,494471524,241721524,Action,Adventure,Thriller,0,Other,156.9,1.6294263862332696,393867429.3261185,149907227.5334608,805704948.4465774
232,1996,3,7.1,PG-13,Mission: Impossible,80000000,110,Paramount Pictures,457696359,180981856,Action,Adventure,Thriller,0,Other,156.9,1.6294263862332696,294896611.59586996,130354110.89866157,745782524.2374952
233,1996,4,7.4,R,The Rock,75000000,136,Walt Disney ,335062621,134069511,Action,Adventure,Thriller,0,Disney,156.9,1.6294263862332696,218456398.8127916,122206978.96749522,545959875.6978776
234,1996,5,6.9,G,The Hunchback of Notre Dame,100000000,91,Walt Disney ,325338851,100138851,Animation,Drama,Family,0,Disney,156.9,1.6294263862332696,163168886.10648185,162942638.62332696,530115708.2862142
235,1996,6,5.7,G,101 Dalmatians,75000000,103,Walt Disney ,320689294,136189294,Adventure,Comedy,Crime,0,Disney,156.9,1.6294263862332696,221910429.1660803,122206978.96749522,522539597.42611855
236,1996,7,6.6,R,Ransom,80000000,121,Walt Disney ,309492681,136492681,Action,Crime,Thriller,0,Disney,156.9,1.6294263862332696,222404775.94912046,130354110.89866157,504295540.7674761
237,1996,8,5.6,PG-13,The Nutty Professor,54000000,95,Universal Pictures,273961019,128814019,Comedy,Romance,Sci-Fi,0,Other,156.9,1.6294263862332696,209892961.47535372,87989024.85659656,446399313.1579541
238,1996,9,7.3,R,Jerry Maguire,50000000,139,Sony Pictures,273552592,153952592,Comedy,Drama,Romance,0,Other,156.9,1.6294263862332696,250854415.63380498,81471319.31166348,445733811.427304
239,1996,10,6.1,R,Eraser,100000000,115,Warner Bros.,242295562,101295562,Action,Drama,Thriller,0,Other,156.9,1.6294263862332696,165053661.5311281,162942638.62332696,394802781.99001914
240,1995,1,7.6,R,Die Hard with a Vengeance,90000000,128,Twentieth Century Fox,366101666,100012499,Action,Adventure,Thriller,0,Other,152.4,1.6775393700787402,167774904.57246062,150978543.30708662,614149958.1664174
241,1995,2,8.3,G,Toy Story,30000000,81,Walt Disney ,363007140,191796233,Animation,Adventure,Comedy,0,Disney,152.4,1.6775393700787402,321745731.89029527,50326181.10236221,608958768.9696851
242,1995,3,7.6,PG,Apollo 13,52000000,140,Universal Pictures,353148882,172071312,Adventure,Drama,History,0,Other,152.4,1.6775393700787402,288656400.34110236,87232047.24409449,592421153.0542914
243,1995,4,7.2,PG-13,GoldenEye,60000000,140,Metro-Goldwyn-Mayer,352194034,106429941,Action,Adventure,Thriller,0,Other,152.4,1.6775393700787402,178540416.18265748,100652362.20472442,590819357.9418504
244,1995,5,6.7,G,Pocahontas,55000000,81,Walt Disney ,346079773,141579773,Animation,Adventure,Drama,0,Disney,152.4,1.6775393700787402,237505643.21431103,92264665.35433072,580562444.3954134
245,1995,6,5.4,PG-13,Batman Forever,100000000,121,Warner Bros.,336529144,184031112,Action,Adventure,Fantasy,0,Other,152.4,1.6775393700787402,308719435.6993701,167753937.007874,564540888.2388977
246,1995,7,8.6,R,Se7en,33000000,127,New Line Cinema,327311859,100125643,Crime,Drama,Mystery,0,Other,152.4,1.6775393700787402,167964708.0869488,55358799.21259843,549078529.7661614
247,1995,8,6.1,PG,Casper,50000000,100,Universal Pictures,287928194,100328194,Comedy,Family,Fantasy,0,Other,152.4,1.6775393700787402,168304495.36389765,83876968.503937,483010881.1906693
248,1995,9,6.2,PG-13,Waterworld,175000000,135,Universal Pictures,264218220,88246220,Action,Adventure,Sci-Fi,0,Other,152.4,1.6775393700787402,148036508.31062993,293569389.7637795,443236466.342126
249,1995,10,7.0,PG,Jumanji,65000000,104,Sony Pictures,262797249,100475249,Adventure,Comedy,Family,0,Other,152.4,1.6775393700787402,168551185.91596457,109040059.05511811,440852731.54588586
250,1994,1,8.5,G,The Lion King,45000000,88,Walt Disney ,763455561,312855561,Animation,Adventure,Drama,0,Disney,148.2,1.7250809716599191,539701175.1590891,77628643.72469637,1317022660.9890487
251,1994,2,8.8,PG-13,Forrest Gump,55000000,142,Paramount Pictures,677387716,329694499,Drama,Romance,,0,Other,148.2,1.7250809716599191,568749706.6858503,94879453.44129555,1168548659.3077734
252,1994,3,7.2,R,True Lies,115000000,141,Twentieth Century Fox,378882411,146282411,Action,Comedy,Thriller,0,Other,148.2,1.7250809716599191,252349003.70463565,198384311.7408907,653602837.7127328
253,1994,4,6.9,PG-13,The Mask,23000000,101,New Line Cinema,351583407,119938730,Comedy,Crime,Fantasy,0,Other,148.2,1.7250809716599191,206904020.8880567,39676862.34817814,606509845.3670648
254,1994,5,7.2,R,Speed,30000000,116,Twentieth Century Fox,350448145,121248145,Action,Adventure,Thriller,0,Other,148.2,1.7250809716599191,209162867.78856277,51752429.14979757,604551426.4930162
255,1994,6,4.9,PG,The Flintstones,46000000,91,Universal Pictures,341631208,130531208,Comedy,Family,Fantasy,0,Other,148.2,1.7250809716599191,225176903.128583,79353724.69635628,589341496.245992
256,1994,7,7.3,PG-13,Dumb and Dumber,17000000,107,New Line Cinema,247275374,127175374,Comedy,,,0,Other,148.2,1.7250809716599191,219387817.75113362,29326376.518218625,426570042.4474899
257,1994,8,7.0,R,Four Weddings and a Funeral,4400000,117,Rank Film Distributors,245700832,52700832,Comedy,Drama,Romance,0,Other,148.2,1.7250809716599191,90913202.47384615,7590356.275303644,423853830.00421053
258,1994,9,7.6,R,Interview with the Vampire: The Vampire Chronicles,60000000,123,Warner Bros.,223664608,105264608,Drama,Horror,,0,Other,148.2,1.7250809716599191,181589972.2500405,103504858.29959515,385839559.2945749
259,1994,10,6.9,PG-13,Clear and Present Danger,62000000,141,Paramount Pictures,215887717,122187717,Action,Crime,Drama,0,Other,148.2,1.7250809716599191,210783705.5672672,106955020.24291499,372423792.6118016
260,1993,1,8.1,PG-13,Jurassic Park ,63000000,127,Universal Pictures,912667947,357067947,Action,Adventure,Sci-Fi,0,Other,144.5,1.7692525951557094,631743391.8766713,111462913.49480969,1614740133.7451835
261,1993,2,7.0,PG-13,Mrs. Doubtfire,25000000,125,Twentieth Century Fox,441286195,219195243,Comedy,Drama,Family,0,Other,144.5,1.7692525951557094,387811752.5235363,44231314.878892735,780746745.7101384
262,1993,3,7.8,PG-13,The Fugitive,44000000,130,Warner Bros.,368875760,183875760,Action,Crime,Drama,0,Other,144.5,1.7692525951557094,325322665.5662284,77847114.18685122,652634395.6700346
263,1993,4,8.9,R,Schindler's List,22000000,195,Universal Pictures,321306305,96065768,Biography,Drama,History,0,Other,144.5,1.7692525951557094,169964609.3396263,38923557.09342561,568472013.961142
264,1993,5,6.8,R,The Firm,42000000,154,Paramount Pictures,270248367,158348367,Drama,Mystery,Thriller,0,Other,144.5,1.7692525951557094,280158259.2534187,74308608.9965398,478137624.6513426
265,1993,6,5.9,R,Indecent Proposal,38000000,117,Paramount Pictures,266614059,106614059,Drama,Romance,,0,Other,144.5,1.7692525951557094,188627200.56583393,67231598.61591695,471707615.7907474
266,1993,7,6.4,R,Cliffhanger,70000000,113,TriStar Pictures,255000211,84049211,Action,Adventure,Thriller,0,Other,144.5,1.7692525951557094,148704284.6825398,123847681.66089965,451159785.0770035
267,1993,8,6.8,PG,Sleepless in Seattle,21000000,105,TriStar Pictures,227799884,126680884,Comedy,Drama,Romance,0,Other,144.5,1.7692525951557094,224130482.77361938,37154304.4982699,403035535.9431696
268,1993,9,7.7,PG-13,Philadelphia,26000000,125,TriStar Pictures,206678440,77446440,Drama,,,0,Other,144.5,1.7692525951557094,137022314.95557094,46000567.47404844,365666366.3327336
269,1993,10,6.6,PG-13,The Pelican Brief,45000000,141,Warner Bros.,195268056,100768056,Crime,Drama,Mystery,0,Other,144.5,1.7692525951557094,178284144.58679587,79616366.78200692,345478514.8290104
270,1992,1,8.0,G,Aladdin,28000000,90,Walt Disney ,504050219,217350219,Animation,Adventure,Comedy,0,Disney,140.3,1.8222166785459728,396059194.1474198,51022066.99928724,918488715.8865502
271,1992,2,6.3,R,The Bodyguard,25000000,129,Warner Bros.,410945720,121945720,Action,Drama,Music,0,Other,140.3,1.8222166785459728,222211524.86129722,45555416.96364932,748832144.9610833
272,1992,3,6.7,PG,Home Alone 2: Lost in New York ,18000000,120,Twentieth Century Fox,358994850,173585516,Adventure,Comedy,Crime,0,Other,140.3,1.8222166785459728,316310422.40920883,32799900.21382751,654166403.1821097
273,1992,4,7.0,R,Basic Instinct,49000000,127,TriStar Pictures,352927224,117727224,Drama,Mystery,Thriller,0,Other,140.3,1.8222166785459728,214524511.09171772,89288617.24875267,643109873.8857305
274,1992,5,6.7,R,Lethal Weapon 3,35000000,118,Warner Bros.,321731527,144731527,Action,Crime,Thriller,0,Other,140.3,1.8222166785459728,263732202.41082677,63777583.749109045,586264554.513464
275,1992,6,7.0,PG-13,Batman Returns,80000000,126,Warner Bros.,266822354,162831698,Action,Crime,Fantasy,0,Other,140.3,1.8222166785459728,296714635.8915609,145777334.28367782,486208143.6676978
276,1992,7,7.7,R,A  Few Good Men,41000000,138,Columbia Pictures,243240178,141340178,Drama,Thriller,,0,Other,140.3,1.8222166785459728,257552429.7002566,74710883.82038489,443236309.2440912
277,1992,8,6.4,PG,Sister Act,31000000,60,Walt Disney ,231605150,139605150,Comedy,Crime,Family,0,Disney,140.3,1.8222166785459728,254390832.74091232,56488717.034925155,422034767.1671418
278,1992,9,7.4,R,Bram Stoker's Dracula,40000000,128,Columbia Pictures,215862692,82522790,Horror,,,0,Other,140.3,1.8222166785459728,150374404.2981468,72888667.14183891,393348597.63823235
279,1992,10,7.0,PG-13,Wayne's World,20000000,94,Paramount Pictures,183097323,121697323,Comedy,Music ,,0,Other,140.3,1.8222166785459728,221758891.70499644,36444333.570919454,333642995.76771915
280,1991,1,8.5,R,Terminator 2: Judgement Day,102000000,137,TriStar Pictures,516950043,204843345,Action,Sci-Fi,,0,Other,136.2,1.877070484581498,384505396.862445,191461189.4273128,970351667.7184362
281,1991,2,6.9,PG-13,Robin Hood: Prince of Thieves,48000000,143,Warner Bros.,390493908,165493908,Action,Adventure,Drama,0,Other,136.2,1.877070484581498,310643730.08484584,90099383.25991191,732984589.115683
282,1991,3,8.0,G,Beauty and the Beast,25000000,84,Walt Disney ,331907151,145863363,Animation,Family,Fantasy,0,Disney,136.2,1.877070484581498,273795813.46909696,46926762.11453745,623013116.7636344
283,1991,4,6.8,PG,Hook,70000000,142,TriStar Pictures,300854823,119654823,Adventure,Comedy,Family,0,Other,136.2,1.877070484581498,224600536.59112337,131394933.92070486,564725708.3972908
284,1991,5,8.6,R,The Silence of the Lambs,19000000,118,Orion Pictures,272742922,130742922,Crime,Drama,Thriller,0,Other,136.2,1.877070484581498,245413679.954141,35664339.20704846,511957688.7647137
285,1991,6,8.0,R,JFK,40000000,189,Warner Bros.,205405498,70405498,Drama,History,Thriller,0,Other,136.2,1.877070484581498,132156082.24806169,75082819.38325992,385560597.6665639
286,1991,7,6.9,PG-13,The Addams Family,30000000,99,Paramount Pictures,191502426,113502426,Comedy,Fantasy,,0,Other,136.2,1.877070484581498,213052053.77299562,56312114.53744494,359463551.5703525
287,1991,8,7.3,R,Cape Fear,35000000,128,Universal Pictures,182291969,79091969,Crime,Thriller,,0,Other,136.2,1.877070484581498,148461200.57733482,65697466.96035243,342174874.5861454
288,1991,9,6.8,PG-13,Hot Shots!,26000000,84,Twentieth Century Fox,181096164,69467617,Action,Comedy,,0,Other,136.2,1.877070484581498,130395613.50491191,48803832.59911895,339930264.31533045
289,1991,10,6.7,PG-13,City Slickers,27000000,113,Columbia Pictures,179033791,124033791,Comedy,,,0,Other,136.2,1.877070484581498,232820168.17685026,50680903.08370045,336059044.8288326
290,1990,1,7.0,PG-13,Ghost,22000000,127,Paramount Pictures,505702588,217631306,Drama,Fantasy,Romance,0,Other,130.7,1.956059678653405,425699822.4792808,43033312.93037491,989184441.7774752
291,1990,2,7.6,PG,Home Alone ,18000000,103,Twentieth Century Fox,476684675,285761243,Comedy,Family,,0,Other,130.7,1.956059678653405,558966045.1541775,35209074.21576129,932423672.1995028
292,1990,3,7.0,R,Pretty Woman ,14000000,119,Walt Disney ,463406268,178406268,Comedy,Romance,,0,Disney,130.7,1.956059678653405,348973307.25383323,27384835.50114767,906450315.6700537
293,1990,4,8.0,PG-13,Dances with Wolves,22000000,181,Orion Pictures,424208848,184208848,Adventure,Drama,Western,0,Other,130.7,1.956059678653405,360323500.0239939,43033312.93037491,829777822.9008111
294,1990,5,7.5,R,Total Recall,65000000,113,Sony Pictures,261299840,119394840,Action,Sci-Fi,Thriller,0,Other,130.7,1.956059678653405,233543432.3632747,127143879.11247133,511118081.0625861
295,1990,6,7.4,PG,Back to the Future III,40000000,118,Universal Pictures,244527583,87727583,Adventure,Comedy,Sci-Fi,0,Other,130.7,1.956059678653405,171600387.8120199,78242387.1461362,478310545.4248738
296,1990,7,7.2,R,Die Hard 2,70000000,124,Twentieth Century Fox,240031094,117540947,Action,Thriller,,0,Other,130.7,1.956059678653405,229917107.01743692,136924177.50573835,469515144.59646523
297,1990,8,6.9,R,Presumed Innocent,22000000,127,Warner Bros.,221303188,86303188,Mystery,Thriller,,0,Other,130.7,1.956059678653405,168814186.1860444,43033312.93037491,432882242.80425406
298,1990,9,6.8,PG,Teenage Mutant Ninja Turtles,13500000,93,New Line Cinema,201965915,135265915,Action,Adventure,Comedy,0,Other,130.7,1.956059678653405,264588202.2276588,26406805.661820967,395057382.7938409
299,1990,10,6.1,PG-13,Kindergarten Cop,15000000,111,Universal Pictures,201957688,91457688,Comedy,Crime,,0,Other,130.7,1.956059678653405,178896695.79966336,29340895.179801077,395041290.29086465
300,1989,1,8.2,PG-13,Indiana Jones and the Last Crusade,48000000,127,Paramount Pictures,474171806,197171806,Action,Adventure,,0,Other,124.0,2.06175,406518971.0205,98964000.0,977623721.0205
301,1989,2,7.5,PG-13,Batman,35000000,126,Warner Bros.,411348924,251188924,Action,Adventure,,0,Other,124.0,2.06175,517888764.057,72161250.0,848098644.057
302,1989,3,7.8,PG,Back to the Future II,40000000,108,Universal Pictures,331950002,118450002,Adventure,Comedy,Sci-Fi,0,Other,124.0,2.06175,244214291.6235,82470000.0,684397916.6235
303,1989,4,5.9,PG-13,Look Who's Talking,7500000,93,TriStar Pictures,296999813,140088813,Comedy,,,0,Other,124.0,2.06175,288828110.20274997,15463125.0,612339364.45275
304,1989,5,7.2,R,Lethal Weapon 2,28000000,114,Warner Bros.,227853986,147253986,Action,Crime,Thriller,0,Other,124.0,2.06175,303600905.6355,57729000.0,469777955.6355
305,1989,6,6.3,PG,"Honey, I Shrunk the Kids",18000000,93,Walt Disney ,222724172,130724172,Adventure,Comedy,Family,0,Disney,124.0,2.06175,269520561.621,37111500.0,459201561.621
306,1989,7,6.6,PG,Ghostbusters II,37000000,108,Columbia Pictures,215394738,112494738,Action,Comedy,Fantasy,0,Other,124.0,2.06175,231936026.0715,76284750.0,444090101.0715
307,1989,8,7.6,G,The Little Mermaid,40000000,83,Walt Disney ,184155863,84355863,Animation,Family,Fantasy,0,Disney,124.0,2.06175,173920700.54025,82470000.0,379683350.54025
308,1989,9,7.2,R,Born on the Fourth of July,14000000,145,Universal Pictures,161001698,70001698,Biography,Drama,War,0,Other,124.0,2.06175,144326000.8515,28864500.0,331945250.8515
309,1989,10,6.8,R,The War of the Roses,26000000,116,Twentieth Century Fox,160188546,86888546,Comedy,Romance,,0,Other,124.0,2.06175,179142459.7155,53605500.0,330268734.7155
310,1988,1,8.0,R,Rain Man,25000000,133,Metro-Goldwyn-Mayer,354825435,172825435,Drama,,,0,Other,118.3,2.161090448013525,373491396.7522824,54027261.200338125,766809858.290744
311,1988,2,7.7,PG,Who Framed Roger Rabbit,70000000,104,Walt Disney ,329803958,156452370,Animation,Adventure,Comedy,0,Disney,118.3,2.161090448013525,338107722.3760778,151276331.36094674,712736183.3508538
312,1988,3,7.0,R,Coming to America,39000000,116,Paramount Pictures,288752301,128152301,Comedy,Romance,,0,Other,118.3,2.161090448013525,276948713.58205414,84282527.47252747,624019839.5330262
313,1988,4,5.6,PG,Crocodile Dundee II,14000000,108,Paramount Pictures,239606210,109306210,Action,Adventure,Comedy,0,Other,118.3,2.161090448013525,236220606.33956045,30255266.272189353,517810691.7157228
314,1988,5,8.1,PG,Dead Poets Society,16400000,128,Walt Disney ,235860116,95860116,Comedy,Drama,,0,Disney,118.3,2.161090448013525,207162381.03306848,35441883.34742181,509715043.754962
315,1988,6,6.1,PG,Twins,15000000,107,Universal Pictures,216614388,111938388,Comedy,Crime,,0,Other,118.3,2.161090448013525,241908981.0728318,32416356.720202878,468123284.80909556
316,1988,7,5.8,R,Rambo III,63000000,102,TriStar Pictures,189015611,53715611,Action,Adventure,,0,Other,118.3,2.161090448013525,116084293.84131023,136148698.2248521,408479831.4575402
317,1988,8,5.9,R,Cocktail,20000000,104,Walt Disney ,171504781,78222753,Comedy,Drama,Romance,0,Disney,118.3,2.161090448013525,169046444.3256213,43221808.9602705,370637344.0077515
318,1988,9,7.3,PG,Big,18000000,104,Twentieth Century Fox,151668774,114968774,Comedy,Drama,Fantasy,0,Other,118.3,2.161090448013525,248457919.3112257,38899628.06424345,327769938.75332206
319,1988,10,8.2,R,Die Hard,28000000,132,Twentieth Century Fox,140767956,83008852,Action,Thriller,,0,Other,118.3,2.161090448013525,179389637.1577684,60510532.544378705,304212285.0979882
320,1987,1,6.9,R,Fatal Attraction,14000000,119,Paramount Pictures,320145693,156645693,Drama,Thriller,,0,Other,113.6,2.2505017605633806,352531407.8811708,31507024.647887327,720488445.7332835
321,1987,2,6.5,R,Beverly Hills Cop II,28000000,100,Paramount Pictures,299965036,153665036,Action,Comedy,Crime,0,Other,113.6,2.2505017605633806,345823434.05503523,63014049.29577465,675071841.6254579
322,1987,3,7.0,PG-13,Dirty Dancing,6000000,100,Vestron Pictures,213446382,63446382,Drama,Music ,Romance,0,Other,113.6,2.2505017605633806,142786194.39237678,13503010.563380284,480361458.4768839
323,1987,4,6.0,PG,Three Men and a Baby,11000000,102,Walt Disney ,167780960,167780960,Comedy,Drama,Family,0,Disney,113.6,2.2505017605633806,377591345.86901414,24755519.366197187,377591345.86901414
324,1987,5,7.3,R,"Good Morning, Vietnam",13000000,121,Walt Disney ,123922370,123922370,Biography,Comedy,Drama,0,Disney,113.6,2.2505017605633806,278887511.85818666,29256522.887323946,278887511.85818666
325,1987,6,7.6,R,Lethal Weapon,15000000,109,Warner Bros.,120207127,65207127,Action,Crime,Thriller,0,Other,113.6,2.2505017605633806,146748754.11477995,33757526.40845071,270526350.94576585
326,1987,7,6.5,PG-13,The Secret of My Success,12000000,111,Universal Pictures,110996879,66995879,Comedy,Romance,,0,Other,113.6,2.2505017605633806,150774343.63999122,27006021.12676057,249798671.60654053
327,1987,8,7.8,R,Predator,15000000,107,Twentieth Century Fox,98267558,59735548,Action,Adventure,Sci-Fi,0,Other,113.6,2.2505017605633806,134434955.94221833,33757526.40845071,221151312.2852641
328,1987,9,7.1,PG,Moonstruck,15000000,102,Metro-Goldwyn-Mayer,80640528,80640528,Comedy,Drama,Romance,0,Other,113.6,2.2505017605633806,181481650.2367606,33757526.40845071,181481650.2367606
329,1987,10,7.9,R,The Untouchables,25000000,119,Paramount Pictures,76270454,76270454,Crime,Drama,Thriller,0,Other,113.6,2.2505017605633806,171646791.00596833,56262544.01408452,171646791.00596833
330,1986,1,6.9,PG,Top Gun,15000000,110,Paramount Pictures,353811728,176781728,Action,Drama,,0,Other,109.6,2.332636861313869,412367575.13956213,34989552.919708036,825314278.6979563
331,1986,2,6.6,PG-13,Crocodile Dundee,8800000,97,Paramount Pictures,328203506,174803506,Action,Adventure,Comedy,0,Other,109.6,2.332636861313869,407753101.5825001,20527204.379562046,765579596.1080476
332,1986,3,8.1,R,Platoon,6000000,120,Orion Pictures,138545632,138530565,Drama,War,,0,Other,109.6,2.332636861313869,323141502.33763695,13995821.167883214,323176648.17722636
333,1986,4,8.3,R,Aliens,18500000,137,Twentieth Century Fox,131060248,85160248,Action,Adventure,Sci-Fi,0,Other,109.6,2.332636861313869,198647933.6034307,43153781.93430658,305715965.5377373
334,1986,5,6.0,PG,The Karate Kid Part II,13500000,113,Columbia Pictures,115103979,115103979,Action,Family,Romance,0,Other,109.6,2.332636861313869,268495784.2992975,31490597.62773723,268495784.2992975
335,1986,6,7.3,PG,Star Trek IV: Voyage Home,25000000,119,Paramount Pictures,109713132,109713132,Adventure,Comedy,Sci-Fi,0,Other,109.6,2.332636861313869,255920895.87339422,58315921.53284673,255920895.87339422
336,1986,7,6.0,PG,Legal Eagles,40000000,116,Universal Pictures,93151591,49851591,Comedy,Crime,Romance,0,Other,109.6,2.332636861313869,116285658.76174273,93305474.45255476,217288834.85663325
337,1986,8,6.6,PG-13,Back to School,11000000,96,Orion Pictures,91258000,91258000,Comedy,Romance,Sport,0,Other,109.6,2.332636861313869,212871774.68978107,25659005.47445256,212871774.68978107
338,1986,9,6.9,G,An American Tail,9000000,80,Universal Pictures,84542002,47483002,Animation,Adventure,Comedy,0,Other,109.6,2.332636861313869,110760600.75104016,20993731.751824822,197205790.19447085
339,1986,10,6.0,PG-13,The Golden Child,25000000,94,Paramount Pictures,79817937,79817937,Action,Adventure,Comedy,0,Other,109.6,2.332636861313869,186186262.04022813,58315921.53284673,186186262.04022813
340,1985,1,8.5,PG,Back to the Future,19000000,116,Universal Pictures,381109762,210609762,Adventure,Comedy,Sci-Fi,0,Other,107.6,2.3759944237918216,500407620.1081227,45143894.05204461,905514669.3646283
341,1985,2,6.9,PG,Rocky IV,30000000,91,United Artists,300473716,127873716,Drama,Sport,,0,Other,107.6,2.3759944237918216,303827236.165539,71279832.71375465,713923873.7120074
342,1985,3,6.5,R,Rambo: First Blood II,44000000,96,TriStar Pictures,300400432,150415432,Action,Adventure,Thriller,0,Other,107.6,2.3759944237918216,357386227.6842379,104543754.64684016,713749751.3366543
343,1985,4,7.2,PG,Out of Africa,31000000,161,Universal Pictures,227514205,87071205,Biography,Drama,Romance,0,Other,107.6,2.3759944237918216,206880697.55283457,73655827.13754646,540572482.4134294
344,1985,5,6.1,PG,The Jewel of the Nile,25000000,106,Twentieth Century Fox,96773200,75973200,Action,Adventure,Comedy,0,Other,107.6,2.3759944237918216,180511899.55762082,59399860.59479554,229932583.57249072
345,1985,6,7.8,PG-13,The Color Purple,15000000,154,Warner Bros.,94175854,94175854,Drama,,,0,Other,107.6,2.3759944237918216,223761303.95983273,35639916.35687733,223761303.95983273
346,1985,7,6.7,PG-13,Cocoon,17500000,117,Twentieth Century Fox,85313124,76113124,Comedy,Drama,Sci-Fi,0,Other,107.6,2.3759944237918216,180844358.20137545,41579902.41635688,202703506.9002602
347,1985,8,7.4,R,Witness,12000000,112,Paramount Pictures,68706993,68706993,Crime,Drama,Romance,0,Other,107.6,2.3759944237918216,163247432.24350372,28511933.085501857,163247432.24350372
348,1985,9,7.8,PG,The Goonies,19000000,114,Warner Bros.,61389680,61389680,Adventure,Comedy,Family,0,Other,107.6,2.3759944237918216,145861537.3583643,45143894.05204461,145861537.3583643
349,1985,10,7.8,PG,E.T. the Extra-Terrestrial 1985 Re-release,10500000,115,Universal Pictures,60903502,40607502,Family,Sci-Fi,,0,Other,107.6,2.3759944237918216,96483198.31611525,24947941.449814126,144706381.14139405
350,1984,1,7.6,PG,Indiana Jones and the Temple of Doom,28000000,118,Paramount Pictures,333107271,179870271,Action,Adventure,,0,Other,103.9,2.4606063522617903,442589931.40564966,68896977.86333013,819645867.0071896
351,1984,2,7.3,R,Beverly Hills Cop ,14000000,105,Paramount Pictures,316360478,234760478,Action,Comedy,Crime,0,Other,103.9,2.4606063522617903,577653123.4268143,34448488.93166506,778438601.7713764
352,1984,3,7.8,PG,Ghostbusters ,30000000,105,Columbia Pictures,282242989,229242989,Action,Comedy,Fantasy,0,Other,103.9,2.4606063522617903,564076754.9448797,73818190.5678537,694488891.6147546
353,1984,4,7.3,PG,Gremlins,11000000,106,Warner Bros.,148168459,148168459,Comedy,Fantasy,Horror,0,Other,103.9,2.4606063522617903,364584251.42024064,27066669.87487969,364584251.42024064
354,1984,5,7.2,PG,The Karate Kid ,8000000,126,Columbia Pictures,90815558,90815558,Action,Drama,Family,0,Other,103.9,2.4606063522617903,223461338.89899904,19684850.81809432,223461338.89899904
355,1984,6,6.9,PG,Romancing the Stone,10000000,106,Twentieth Century Fox,86572238,76572238,Action,Adventure,Comedy,0,Other,103.9,2.4606063522617903,188414135.22970164,24606063.522617903,213020198.75231954
356,1984,7,6.7,R,Police Academy,4500000,96,Warner Bros.,81198894,81198894,Comedy,,,0,Other,103.9,2.4606063522617903,199798514.37303177,11072728.585178057,199798514.37303177
357,1984,8,6.6,PG,Footloose,8200000,107,Paramount Pictures,80035402,80035402,Drama,Music ,Romance,0,Other,103.9,2.4606063522617903,196935618.567026,20176972.08854668,196935618.567026
358,1984,9,8.0,R,The Terminator,6400000,107,Orion Pictures,78371200,38371200,Action,Sci-Fi,,0,Other,103.9,2.4606063522617903,94416418.4639076,15747880.654475458,192840672.55437922
359,1984,10,6.7,PG,Star Trek III: The Search for Spock,17000000,105,Paramount Pictures,76471046,76471046,Action,Adventure,Sci-Fi,0,Other,103.9,2.4606063522617903,188165141.55170357,41830307.98845044,188165141.55170357
360,1983,1,7.0,PG,Star Wars: Episode VI - Return of the Jedi,32500000,131,Twentieth Century Fox,374593074,252583617,Action,Adventure,Fantasy,0,Other,99.6,2.5668373493975905,648341061.9615362,83422213.85542169,961519493.1688554
361,1983,2,7.4,PG,Terms of Endearment,8000000,132,Paramount Pictures,108423489,108423489,Comedy,Drama,,0,Other,99.6,2.5668373493975905,278305461.1171988,20534698.795180723,278305461.1171988
362,1983,3,6.2,R,Flashdance,4000000,95,Paramount Pictures,92921203,92921203,Drama,Music ,Romance,0,Other,99.6,2.5668373493975905,238513614.41135544,10267349.397590362,238513614.41135544
363,1983,4,7.5,R,Trading Places,15000000,116,Paramount Pictures,90404800,90404800,Comedy,,,0,Other,99.6,2.5668373493975905,232054417.2048193,38502560.240963854,232054417.2048193
364,1983,5,3.7,PG,Jaws 3-D,20500000,99,Universal Pictures,87987055,45517055,Adventure,Horror,Thriller,0,Other,99.6,2.5668373493975905,116834876.80858435,52620165.66265061,225848459.0375
365,1983,6,7.1,PG,WarGames,12000000,114,Metro-Goldwyn-Mayer,79567667,79567667,Sci-Fi,Thriller,,0,Other,99.6,2.5668373493975905,204237259.46003014,30802048.192771085,204237259.46003014
366,1983,7,6.6,PG,Octopussy,27500000,131,Metro-Goldwyn-Mayer,67893619,67893619,Action,Adventure,Thriller,0,Other,99.6,2.5668373493975905,174271877.0349699,70588027.10843374,174271877.0349699
367,1983,8,6.6,R,Sudden Impact,22000000,117,Warner Bros.,67642693,67642693,Action,Crime,Thriller,0,Other,99.6,2.5668373493975905,173627790.80623496,56470421.68674699,173627790.80623496
368,1983,9,8.3,R,Scarface,25000000,170,Universal Pictures,65144798,44668798,Crime,Drama,,0,Other,99.6,2.5668373493975905,114657539.0590964,64170933.73493976,167216100.62536144
369,1983,10,4.6,PG,Staying Alive,22000000,93,Paramount Pictures,64892670,64892670,Drama,Music ,Romance,0,Other,99.6,2.5668373493975905,166568929.05813253,56470421.68674699,166568929.05813253
370,1982,1,7.8,PG,E.T. the Extra-Terrestrial  ,10500000,115,Universal Pictures,663400925,359197037,Family,Sci-Fi,,0,Other,96.5,2.649295336787565,951619035.1120104,27817601.03626943,1757544977.023057
371,1982,2,7.4,PG,Tootsie,21000000,116,Columbia Pictures,177200000,177200000,Comedy,Drama,Romance,0,Other,96.5,2.649295336787565,469455133.6787565,55635202.07253886,469455133.6787565
372,1982,3,7.0,R,An Officer and a Gentleman,7500000,124,Paramount Pictures,129795554,129795554,Drama,Romance,,0,Other,96.5,2.649295336787565,343866755.9479586,19869715.025906738,343866755.9479586
373,1982,4,7.7,R,First Blood,15000000,93,Orion Pictures,125212904,47212904,Action,Adventure,,0,Other,96.5,2.649295336787565,125080926.40339898,39739430.051813476,331725962.67282903
374,1982,5,6.8,PG,Rocky III,17000000,99,United Artists,124146897,124146897,Drama,Sport,,0,Other,96.5,2.649295336787565,328901795.2987461,45038020.7253886,328901795.2987461
375,1982,6,7.3,PG,Poltergeist,10700000,114,Metro-Goldwyn-Mayer,123606280,76606280,Horror,Thriller,,0,Other,96.5,2.649295336787565,202952660.3726425,28347460.103626944,327469541.20165807
376,1982,7,6.2,R,Porky's,2500000,94,Twentieth Century Fox,105492483,105492483,Comedy,,,0,Other,96.5,2.649295336787565,279480743.2780415,6623238.341968913,279480743.2780415
377,1982,8,7.7,PG,Star Trek II: The Wrath of Khan,11200000,113,Paramount Pictures,78912963,78912963,Action,Adventure,Sci-Fi,0,Other,96.5,2.649295336787565,209063744.88798964,29672107.772020727,209063744.88798964
378,1982,9,6.9,R,48 Hrs.,12000000,96,Paramount Pictures,78868508,78868508,Action,Comedy,Crime,0,Other,96.5,2.649295336787565,208945970.46379277,31791544.04145078,208945970.46379277
379,1982,10,5.9,R,The Best Little Whorehouse in Texas,35000000,114,Universal Pictures,69701637,69701637,Comedy,Musical,,0,Other,96.5,2.649295336787565,184660221.8705596,92725336.78756477,184660221.8705596
380,1981,1,8.4,PG,Raiders of the Lost Ark,18000000,115,Paramount Pictures,353988025,212222025,Action,Adventure,,0,Other,90.9,2.8125082508250823,596876196.3193069,50625148.51485148,995594241.0057755
381,1981,2,7.6,PG,On Golden Pond,7500000,109,Universal Pictures,119285432,119285432,Drama,,,0,Other,90.9,2.8125082508250823,335491261.7032343,21093811.881188117,335491261.7032343
382,1981,3,6.8,PG,Superman II,54000000,127,Warner Bros.,108185706,108185706,Action,Adventure,Sci-Fi,0,Other,90.9,2.8125082508250823,304273190.7463366,151875445.54455444,304273190.7463366
383,1981,4,6.9,PG,Arthur,7000000,97,Warner Bros.,95461682,95461682,Comedy,Romance,,0,Other,90.9,2.8125082508250823,268486768.26264024,19687557.755775575,268486768.26264024
384,1981,5,6.9,R,Stripes,10000000,106,Columbia Pictures,85297000,85297000,Comedy,War,,0,Other,90.9,2.8125082508250823,239898516.27062705,28125082.50825082,239898516.27062705
385,1981,6,6.3,PG,The Cannonball Run,18000000,95,Twentieth Century Fox,72179579,72179579,Action,Comedy,Sport,0,Other,90.9,2.8125082508250823,203005661.47858083,50625148.51485148,203005661.47858083
386,1981,7,7.2,PG,Chariots of Fire,5500000,125,Columbia Pictures,58972904,58972904,Biography,Drama,Sport,0,Other,90.9,2.8125082508250823,165861779.0751155,15468795.379537953,165861779.0751155
387,1981,8,6.8,PG,For Your Eyes Only,28000000,127,Metro-Goldwyn-Mayer,54812802,54812802,Action,Adventure,Thriller,0,Other,90.9,2.8125082508250823,154161457.87584156,78750231.0231023,154161457.87584156
388,1981,9,6.9,PG,The Four Seasons,6500000,107,Universal Pictures,50427646,50427646,Comedy,Drama,,0,Other,90.9,2.8125082508250823,141828170.44468644,18281303.630363036,141828170.44468644
389,1981,10,7.0,PG,Time Bandits,5000000,116,Embassy Pictures,42365581,42365581,Adventure,Comedy,Fantasy,0,Other,90.9,2.8125082508250823,119153546.11349835,14062541.25412541,119153546.11349835
390,1980,1,8.7,PG,Star Wars: Episode V - The Empire Strikes Back,18000000,124,Twentieth Century Fox,400083259,209398025,Action,Adventure,Fantasy,0,Other,82.4,3.102633495145631,649685326.1823423,55847402.912621364,1241311720.220425
391,1980,2,7.9,R,The Blues Brothers,27000000,133,Universal Pictures,115229890,57229890,Adventure,Comedy,Crime,0,Other,82.4,3.102633495145631,177563373.63750002,83771104.36893204,357516116.3559466
392,1980,3,6.8,PG,9 to 5,10000000,109,Twentieth Century Fox,103290500,103290500,Comedy,,,0,Other,82.4,3.102633495145631,320472565.03033984,31026334.951456312,320472565.03033984
393,1980,4,6.8,R,Stir Crazy,10000000,111,Columbia Pictures,101300000,101300000,Comedy,Crime,,0,Other,82.4,3.102633495145631,314296773.05825245,31026334.951456312,314296773.05825245
394,1980,5,7.7,PG,Airplane!,3500000,88,Paramount Pictures,83453539,83453539,Comedy,,,0,Other,82.4,3.102633495145631,258925745.38984224,10859217.233009709,258925745.38984224
395,1980,6,6.2,PG,Any Which Way You Can,15000000,116,Warner Bros.,70687344,70687344,Action,Comedy,,0,Other,82.4,3.102633495145631,219316921.17728156,46539502.42718447,219316921.17728156
396,1980,7,6.2,R,Private Benjamin,10000000,109,Warner Bros.,69847348,69847348,Comedy,War,,0,Other,82.4,3.102633495145631,216710721.4518932,31026334.951456312,216710721.4518932
397,1980,8,7.5,PG,Coal Miner's Daughter,15000000,124,Universal Pictures,67182787,67182787,Biography,Drama,Music,0,Other,82.4,3.102633495145631,208443565.24343446,46539502.42718447,208443565.24343446
398,1980,9,5.3,PG,Smokey and the Bandit II,17000000,100,Universal Pictures,66132626,66132626,Action,Comedy,,0,Other,82.4,3.102633495145631,205185300.54953885,52744769.41747573,205185300.54953885
399,1980,10,5.8,R,The Blue Lagoon,4500000,104,Columbia Pictures,58853106,58853106,Adventure,Drama,Romance,0,Other,82.4,3.102633495145631,182599617.96895632,13961850.728155341,182599617.96895632
400,1979,1,6.3,PG,Moonraker,34000000,126,Metro-Goldwyn-Mayer,210308099,70308099,Action,Adventure,Sci-Fi,0,Other,72.6,3.521446280991736,247586193.7471488,119729173.55371903,740588673.0859919
401,1979,2,7.8,PG,Kramer vs. Kramer,8000000,105,Columbia Pictures,106260000,106260000,Drama,,,0,Other,72.6,3.521446280991736,374188881.8181819,28171570.24793389,374188881.8181819
402,1979,3,8.4,R,Alien,11000000,117,Twentieth Century Fox,101718022,78944891,Horror,Sci-Fi,,0,Other,72.6,3.521446280991736,278000192.815248,38735909.0909091,358194550.2817356
403,1979,4,5.8,PG,1941,35000000,118,Universal Pictures,92455742,31755742,Action,Comedy,War,0,Other,72.6,3.521446280991736,111826139.56603308,123250619.83471076,325577928.8222315
404,1979,5,6.2,R,The Amityville Horror,4700000,117,American International Pictures,86432000,86432000,Horror,,,0,Other,72.6,3.521446280991736,304365644.95867777,16550797.52066116,304365644.95867777
405,1979,6,7.3,PG,Rocky II,7000000,119,United Artists,85182160,85182160,Drama,Sport,,0,Other,72.6,3.521446280991736,299964400.53884304,24650123.966942154,299964400.53884304
406,1979,7,6.4,G,Star Trek: The Motion Picture,35000000,132,Paramount Pictures,82258456,82258456,Adventure,Mystery,Sci-Fi,0,Other,72.6,3.521446280991736,289668733.96132237,123250619.83471076,289668733.96132237
407,1979,8,8.4,R,Apocalypse Now,31500000,147,Metro-Goldwyn-Mayer,78784010,78784010,Drama,Mystery,War,0,Other,72.6,3.521446280991736,277433659.0161157,110925557.8512397,277433659.0161157
408,1979,9,6.1,R,10,7000000,122,Warner Bros.,74865517,74865517,Comedy,Romance,,0,Other,72.6,3.521446280991736,263634896.4141736,24650123.966942154,263634896.4141736
409,1979,10,7.2,R,The Jerk,4000000,94,Universal Pictures,73691419,73691419,Comedy,,,0,Other,72.6,3.521446280991736,259500373.37855378,14085785.123966945,259500373.37855378
410,1978,1,7.2,PG-13,Grease,6000000,110,Paramount Pictures,366178870,159978870,Musical ,Romance,,0,Other,65.2,3.9211196319018407,627296287.8464724,23526717.791411042,1435831155.944632
411,1978,2,7.3,PG,Superman,55000000,143,Warner Bros.,300218018,134218018,Action,Adventure,Drama,0,Other,65.2,3.9211196319018407,526284905.33475465,215661579.75460124,1177190764.2304602
412,1978,3,5.8,PG,Jaws 2,20000000,116,Universal Pictures,183855272,77737272,Adventure,Drama,Horror,0,Other,65.2,3.9211196319018407,304817143.3696933,78422392.63803682,720918516.4678528
413,1978,4,7.5,R,National Lampoon's Animal House,3000000,109,Universal Pictures,120091123,120091123,Comedy,,,0,Other,65.2,3.9211196319018407,470891660.01243865,11763358.895705521,470891660.01243865
414,1978,5,6.4,PG,Every Which Way But Loose,5000000,114,Warner Bros.,85196485,85196485,Action,Comedy,,0,Other,65.2,3.9211196319018407,334065609.90253067,19605598.159509204,334065609.90253067
415,1978,6,6.9,PG,Heaven Can Wait,15000000,101,Paramount Pictures,81640278,81640278,Comedy,Fantasy,Romance,0,Other,65.2,3.9211196319018407,320121296.81972396,58816794.47852761,320121296.81972396
416,1978,7,6.3,PG,Hooper,6000000,99,Warner Bros.,78000000,78000000,Action,Comedy,,0,Other,65.2,3.9211196319018407,305847331.28834355,23526717.791411042,305847331.28834355
417,1978,8,6.7,PG,Revenge of the Pink Panther,12000000,99,United Artists,49579269,49579269,Comedy,Crime,Mystery,0,Other,65.2,3.9211196319018407,194406245.01124233,47053435.582822084,194406245.01124233
418,1978,9,8.1,R,The Deer Hunter,15000000,183,Universal Pictures,48991826,48979328,Drama,War,,0,Other,65.2,3.9211196319018407,192053804.5781595,58816794.47852761,192102810.73131904
419,1978,10,7.8,R,Halloween,325000,91,Compass International Pictures,47000000,47000000,Horror,Thriller,,0,Other,65.2,3.9211196319018407,184292622.6993865,1274363.8803680982,184292622.6993865
420,1977,1,8.6,PG,Star Wars: Episode IV - A New Hope,11000000,121,Twentieth Century Fox,503015849,307263857,Action,Adventure,Fantasy,0,Other,60.6,4.218762376237624,1296273199.4892576,46406386.138613865,2122104338.412426
421,1977,2,7.6,PG,Close Encounters of the Third Kind,20000000,138,Columbia Pictures,288095460,116395460,Drama,Sci-Fi,,0,Other,60.6,4.218762376237624,491044787.4128713,84375247.52475248,1215406287.4128714
422,1977,3,6.8,R,Saturday Night Fever,3000000,118,Paramount Pictures,237113184,94213184,Drama,Music,,0,Other,60.6,4.218762376237624,397463036.0047525,12656287.128712872,1000324179.569109
423,1977,4,7.0,PG,Smokey and the Bandit ,4300000,96,Universal Pictures,126737428,126737428,Action,Comedy,,0,Other,60.6,4.218762376237624,534675092.90752476,18140678.217821784,534675092.90752476
424,1977,5,7.4,PG,A Bridge Too Far,27000000,175,United Artists,50750000,50750000,Drama,History,War,0,Other,60.6,4.218762376237624,214102190.5940594,113906584.15841585,214102190.5940594
425,1977,6,6.2,PG,The Deep,9000000,123,Columbia Pictures,47346365,47346365,Adventure,Mystery,Thriller,0,Other,60.6,4.218762376237624,199743063.31361386,37968861.38613862,199743063.31361386
426,1977,7,7.1,PG,The Spy Who Loved Me,14000000,125,United Artists,46838673,46838673,Action,Adventure,Thriller,0,Other,60.6,4.218762376237624,197601231.40529704,59062673.267326735,197601231.40529704
427,1977,8,6.6,PG,"Oh, God!",2100000,98,Warner Bros.,41687243,41687243,Comedy,Fantasy,,0,Other,60.6,4.218762376237624,175868572.33747527,8859400.990099011,175868572.33747527
428,1977,9,8.0,PG,Annie Hall,4000000,93,United Artists,38251425,38251425,Comedy,Romance,,0,Other,60.6,4.218762376237624,161373672.62747526,16875049.504950497,161373672.62747526
429,1977,10,5.9,R,Semi-Tough,5700000,108,United Artists,37187139,37187139,Comedy,Romance,Sport,0,Other,60.6,4.218762376237624,156883702.89311883,24046945.544554457,156883702.89311883
